title,url,nrec
Re: [閒聊] 是否有類似 banana 的一致性本地模型,https://www.ptt.cc/bbs/AI_Art/M.1781672684.A.CA3.html,5
[閒聊] 開源模型大進步 GLM5.2評測,https://www.ptt.cc/bbs/AI_Art/M.1781681094.A.482.html,9
Re: [閒聊] 巴西號稱自研AI被踢爆 RIO3.5,https://www.ptt.cc/bbs/AI_Art/M.1781696267.A.5C5.html,2
[閒聊] Midjourney 進軍醫療掃描,https://www.ptt.cc/bbs/AI_Art/M.1781754925.A.1C0.html,2
[公告] AI_Art 看板介紹及看板規範,https://www.ptt.cc/bbs/AI_Art/M.1671423757.A.5D0.html,
[板娘] Arti,https://www.ptt.cc/bbs/AI_Art/M.1679319755.A.901.html,6
[公告] 2026代理人時代 看板審計與改革方針,https://www.ptt.cc/bbs/AI_Art/M.1769833945.A.A27.html,1
[公告] AI_Art 看板 發文標籤與使用準則(2026),https://www.ptt.cc/bbs/AI_Art/M.1769834367.A.878.html,
[公告] AI_Art 看板 參考資源百科,https://www.ptt.cc/bbs/AI_Art/M.1769834701.A.C6E.html,1
[閒聊] ChatGPT的真人風格圖片生成心得,https://www.ptt.cc/bbs/AI_Art/M.1781258969.A.329.html,18
[閒聊] 土區GPT飆漲，上48個月Team優惠心得,https://www.ptt.cc/bbs/AI_Art/M.1781277627.A.487.html,2
[閒聊] ChatGPT 的閨蜜寫真圖鑑,https://www.ptt.cc/bbs/AI_Art/M.1781295607.A.EFD.html,3
[閒聊] 美國政府:你各位不准用Claude fable5,https://www.ptt.cc/bbs/AI_Art/M.1781313022.A.863.html,16
Fw: [閒聊] AI使用Minecraft作為評測基準,https://www.ptt.cc/bbs/AI_Art/M.1781318863.A.48A.html,1
Fw: [活俠] ChatGPT AI幫師父拍的私密藝術寫真,https://www.ptt.cc/bbs/AI_Art/M.1781324815.A.F99.html,
[閒聊] Anima沒寫就不畫,https://www.ptt.cc/bbs/AI_Art/M.1781325302.A.7BF.html,20
[閒聊] Anima真的超強(血腥慎入!!),https://www.ptt.cc/bbs/AI_Art/M.1781329415.A.9CB.html,14
Re: [閒聊] grok超健全空間,https://www.ptt.cc/bbs/AI_Art/M.1781345516.A.AE5.html,
[閒聊] OpenAI的戶外大型廣告,https://www.ptt.cc/bbs/AI_Art/M.1781349151.A.50B.html,4
[閒聊] 是否有類似 banana 的一致性本地模型,https://www.ptt.cc/bbs/AI_Art/M.1781360258.A.FBB.html,5
分享：如何在 Google 雲端安裝 Hermes Agent,https://www.ptt.cc/bbs/AI_Art/M.1781389943.A.B78.html,1
[閒聊] 模型融合反超fable5: Fusion API,https://www.ptt.cc/bbs/AI_Art/M.1781399571.A.9F8.html,4
"[閒聊] RIP Fable,Google新模型 ..本週AI新聞",https://www.ptt.cc/bbs/AI_Art/M.1781412247.A.11D.html,
[閒聊] 巴西號稱自研AI被踢爆 RIO3.5,https://www.ptt.cc/bbs/AI_Art/M.1781485644.A.69F.html,13
[分享] 關於用 AI 寫論文發表這件事情,https://www.ptt.cc/bbs/AI_Art/M.1781506863.A.FDB.html,
[閒聊] 寫瑟文喜歡契約儀式的Gemma4,https://www.ptt.cc/bbs/AI_Art/M.1781515580.A.E9E.html,8
在 Google 雲端免費安裝 Hermes Agent 完整示範,https://www.ptt.cc/bbs/AI_Art/M.1781532785.A.C48.html,1
[閒聊] 法國肥貓模型Le Chaton Fat反超Fable5,https://www.ptt.cc/bbs/AI_Art/M.1781582813.A.831.html,11
[分享] AI寫長篇NSFW小說的簡單創作流程分享,https://www.ptt.cc/bbs/AI_Art/M.1781626012.A.963.html,11
Re: [閒聊] 馬斯克給claude送算力了,https://www.ptt.cc/bbs/AI_Art/M.1780824354.A.E3D.html,2
[請益] lora 訓練參數設定問題,https://www.ptt.cc/bbs/AI_Art/M.1780840680.A.5FB.html,6
[閒聊] ChatGPT 圖片生成是不是卡住了,https://www.ptt.cc/bbs/AI_Art/M.1780916108.A.DAC.html,5
[閒聊] 越南大戰(合金彈頭)真人版,https://www.ptt.cc/bbs/AI_Art/M.1780933216.A.4DA.html,1
[討論] grok能幹嘛…？,https://www.ptt.cc/bbs/AI_Art/M.1780948224.A.61D.html,17
[閒聊] 關二哥灌籃,https://www.ptt.cc/bbs/AI_Art/M.1780999032.A.B89.html,1
[閒聊] 本地生成不需要花大錢，3060 12GB有時,https://www.ptt.cc/bbs/AI_Art/M.1781025524.A.F99.html,14
[情報] Claude Mythos5 / Fable5正式發布,https://www.ptt.cc/bbs/AI_Art/M.1781055229.A.78A.html,20
Re: [閒聊] ChatGPT 圖片生成是不是卡住了,https://www.ptt.cc/bbs/AI_Art/M.1781069765.A.D7E.html,8
Fw: [活俠] 蛤?你說忘了帶套子? 真笨 (1/9)SFW,https://www.ptt.cc/bbs/AI_Art/M.1781087111.A.272.html,3
Re: [閒聊] 用圖片讓本地LLM來寫瑟瑟文,https://www.ptt.cc/bbs/AI_Art/M.1781096873.A.FF4.html,6
[閒聊] Gemini 好像也掛了,https://www.ptt.cc/bbs/AI_Art/M.1781100524.A.666.html,8
[分享] 分享一下目前Grok跟Venice AI的使用體驗,https://www.ptt.cc/bbs/AI_Art/M.1781107801.A.2D5.html,16
Re: [情報] Claude Mythos5 / Fable5正式發布,https://www.ptt.cc/bbs/AI_Art/M.1781149842.A.606.html,5
[情報] Diffusion Gemma 模型發布,https://www.ptt.cc/bbs/AI_Art/M.1781181449.A.21A.html,6
[分享] A家基於道德的準則建置了道德的模型嗎？,https://www.ptt.cc/bbs/AI_Art/M.1781186361.A.314.html,13
[閒聊] Claude Fable5 單幹完成遊戲？大Demo時代,https://www.ptt.cc/bbs/AI_Art/M.1781186927.A.16B.html,5
[閒聊] chatgpt plus 圖片額度問題,https://www.ptt.cc/bbs/AI_Art/M.1781226246.A.12C.html,8
Fw: [閒聊] AI創造了自己圈內的茂吉:Elias Thorne,https://www.ptt.cc/bbs/AI_Art/M.1781241105.A.444.html,2
Re: [閒聊] ComfyUI本地端圖片生成心得,https://www.ptt.cc/bbs/AI_Art/M.1781249837.A.5EB.html,20
Re: [閒聊] anima-base-v1.0版出了,https://www.ptt.cc/bbs/AI_Art/M.1780409554.A.50F.html,4
[分享] ILL模型工作流,https://www.ptt.cc/bbs/AI_Art/M.1780459655.A.F16.html,3
[閒聊] ComfyUI本地端圖片生成心得,https://www.ptt.cc/bbs/AI_Art/M.1780475051.A.C96.html,25
[求問] 請問有能生成遊戲可用UI kit的AI嗎?,https://www.ptt.cc/bbs/AI_Art/M.1780479884.A.74B.html,3
[閒聊] 最近喜歡做獸人vs美女,https://www.ptt.cc/bbs/AI_Art/M.1780487365.A.CF5.html,5
[情報] Gemma4 12B unified 發布,https://www.ptt.cc/bbs/AI_Art/M.1780512782.A.135.html,11
Re: [閒聊] venice ai (gork imagine private),https://www.ptt.cc/bbs/AI_Art/M.1780520349.A.E04.html,7
[情報] Reve 2.0 圖片模型 贏過香蕉 能免費用,https://www.ptt.cc/bbs/AI_Art/M.1780538735.A.3E9.html,8
Re: [分享] ComfyUI AMD RX9070XT專用便攜包分享,https://www.ptt.cc/bbs/AI_Art/M.1780568112.A.10C.html,5
Fw: [活俠] ChatGPT 的雪山派AI時尚服飾沙龍,https://www.ptt.cc/bbs/AI_Art/M.1780600032.A.D09.html,2
[閒聊] 即時音樂模型Magenta RealTime 2,https://www.ptt.cc/bbs/AI_Art/M.1780621812.A.50A.html,3
[閒聊] claude正被用在加速自身開發,https://www.ptt.cc/bbs/AI_Art/M.1780631367.A.16C.html,5
Re: [閒聊] 內顯文書機跑本地離線文字AI(Gemma4_12B_QAT),https://www.ptt.cc/bbs/AI_Art/M.1780738056.A.BBA.html,1
Re: [閒聊] 內顯文書機跑本地離線文字AI(Gemma4_12B_QAT),https://www.ptt.cc/bbs/AI_Art/M.1780743131.A.087.html,17
Re: [閒聊] anima-base-v1.0版出了,https://www.ptt.cc/bbs/AI_Art/M.1780757711.A.301.html,6
[閒聊] Chatgpt 提示詞分段法,https://www.ptt.cc/bbs/AI_Art/M.1780759168.A.C91.html,2
[閒聊] Chatgpt 的時尚丁字褲設計,https://www.ptt.cc/bbs/AI_Art/M.1780760366.A.CB6.html,4
Re: [閒聊] ComfyUI本地端圖片生成心得,https://www.ptt.cc/bbs/AI_Art/M.1780797324.A.4D2.html,16
[閒聊] 畫風都怎麼逆向模型lora的？,https://www.ptt.cc/bbs/AI_Art/M.1780798181.A.D27.html,3
[閒聊] 等身機器老婆 實時AI音樂 ..本週AI新聞,https://www.ptt.cc/bbs/AI_Art/M.1780807808.A.183.html,1
Re: [閒聊] anima-base-v1.0版出了,https://www.ptt.cc/bbs/AI_Art/M.1780020343.A.29B.html,4
[閒聊] GEMINI今天早上審查突然變嚴格了!?,https://www.ptt.cc/bbs/AI_Art/M.1780021490.A.94C.html,13
Re: [閒聊] 內顯文書機跑本地離線文字AI(LFM2.5),https://www.ptt.cc/bbs/AI_Art/M.1780026707.A.B49.html,5
Re: [閒聊] Meta發布MuseSpark模型,https://www.ptt.cc/bbs/AI_Art/M.1780040899.A.8F1.html,1
Fw: [活俠] 讓AI幫師父拍閨房寫真,https://www.ptt.cc/bbs/AI_Art/M.1780084369.A.92E.html,4
[情報] Codex開放Windows使用遠端及電腦使用,https://www.ptt.cc/bbs/AI_Art/M.1780100373.A.880.html,1
[分享]ANIMA promting skill,https://www.ptt.cc/bbs/AI_Art/M.1780203081.A.969.html,5
[分享] 西貢無戰事II,https://www.ptt.cc/bbs/AI_Art/M.1780205860.A.7CF.html,
[分享] 西貢無戰事海報版,https://www.ptt.cc/bbs/AI_Art/M.1780206327.A.FC1.html,
[閒聊] Opus4.8 Nvidia黑科技 ..本週AI新聞,https://www.ptt.cc/bbs/AI_Art/M.1780208425.A.730.html,2
[閒聊] 讓Claude叫你老公,https://www.ptt.cc/bbs/AI_Art/M.1780209927.A.01C.html,7
安裝Claude Code終極端資安問題,https://www.ptt.cc/bbs/AI_Art/M.1780227545.A.1B5.html,4
[討論] 可以無腦本地瑟瑟了？,https://www.ptt.cc/bbs/AI_Art/M.1780302385.A.779.html,32
[閒聊] 老黃的開源Nemotron 3 Ultra模型超快,https://www.ptt.cc/bbs/AI_Art/M.1780311015.A.9B4.html,7
[閒聊] 用廢鐵生色圖 [酸文慎入],https://www.ptt.cc/bbs/AI_Art/M.1780337942.A.B98.html,13
[閒聊] GPT麥克筆塗鴉cosplay,https://www.ptt.cc/bbs/AI_Art/M.1780363513.A.7C8.html,7
[閒聊] grok超健全空間,https://www.ptt.cc/bbs/AI_Art/M.1780371856.A.7B6.html,4
Re: [閒聊] 鼓起勇氣詢問，做瑟圖有沒有訣竅？,https://www.ptt.cc/bbs/AI_Art/M.1780389803.A.5F2.html,5
[閒聊] 用圖片讓本地LLM來寫瑟瑟文,https://www.ptt.cc/bbs/AI_Art/M.1780393986.A.ECC.html,8
[分享] 基於Dannbooru語的提示詞設計用RAG資料集,https://www.ptt.cc/bbs/AI_Art/M.1780408121.A.807.html,9
Fw: [活俠] AI師父雕像食用性(?)研究,https://www.ptt.cc/bbs/AI_Art/M.1779469649.A.A1E.html,1
[閒聊] AI邊打寶可夢邊自我修正與進化,https://www.ptt.cc/bbs/AI_Art/M.1779501150.A.99D.html,9
[閒聊] AI插畫故意不加入的負面提示詞,https://www.ptt.cc/bbs/AI_Art/M.1779518647.A.9D1.html,
[閒聊] Gemma4故事專精版? Equinox-31B,https://www.ptt.cc/bbs/AI_Art/M.1779529009.A.AD0.html,6
[分享] Suno ai 音樂創作 - 豆蔻黃昏,https://www.ptt.cc/bbs/AI_Art/M.1779586790.A.E78.html,1
Re: [閒聊] Codex又重置了,https://www.ptt.cc/bbs/AI_Art/M.1779590222.A.43F.html,4
[閒聊] AI科研 AINPC 開源機器人 ..本週AI新聞,https://www.ptt.cc/bbs/AI_Art/M.1779597678.A.D4A.html,
Fw: [問卦] 豆包AI不給吃勁辣雞腿堡的八卦?,https://www.ptt.cc/bbs/AI_Art/M.1779668150.A.B09.html,2
Fw: [閒聊] B站在用AI重做黑袍糾察隊結局,https://www.ptt.cc/bbs/AI_Art/M.1779673475.A.ED8.html,2
[閒聊] venice ai (gork imagine private),https://www.ptt.cc/bbs/AI_Art/M.1779678807.A.107.html,16
Re: [分享] 《綠廡之間》 水手服廢墟漫畫,https://www.ptt.cc/bbs/AI_Art/M.1779679922.A.9D5.html,
[分享] ComfyUI簡易教學之負一 入坑前心態篇,https://www.ptt.cc/bbs/AI_Art/M.1779727547.A.4D3.html,27
Fw: [問卦] PTT大叔圖鑑,https://www.ptt.cc/bbs/AI_Art/M.1779755164.A.007.html,3
Re: [閒聊] Hell Grind 超能力戰鬥影集,https://www.ptt.cc/bbs/AI_Art/M.1779757336.A.6B0.html,2
[分享] 西貢無戰事,https://www.ptt.cc/bbs/AI_Art/M.1779777936.A.84F.html,1
[閒聊] 大語言模型需要睡覺,https://www.ptt.cc/bbs/AI_Art/M.1779872642.A.697.html,5
[閒聊] 話說那個圖鑑,https://www.ptt.cc/bbs/AI_Art/M.1779881391.A.AF3.html,2
Re: [閒聊] 大語言模型需要睡覺,https://www.ptt.cc/bbs/AI_Art/M.1779889325.A.392.html,11
Re: [情報] GPT比基尼泳裝雜誌圖成功率很高,https://www.ptt.cc/bbs/AI_Art/M.1779889355.A.5AD.html,8
[閒聊] GPT 畫的人體彩繪,https://www.ptt.cc/bbs/AI_Art/M.1779936536.A.CB0.html,8
[閒聊] Chatgpt 畫的金庸世界修羅場,https://www.ptt.cc/bbs/AI_Art/M.1778985626.A.B25.html,4
Fw: [軌跡] 菲·克勞賽爾，夏日泳裝,https://www.ptt.cc/bbs/AI_Art/M.1778992168.A.0EE.html,4
[閒聊] 現實鋼彈 開源世界模型..本週AI新聞,https://www.ptt.cc/bbs/AI_Art/M.1778997030.A.973.html,3
Fw: [閒聊] AI露露卡希臘風雕像,https://www.ptt.cc/bbs/AI_Art/M.1779017622.A.651.html,8
[閒聊] seedance兩小時人類進化科普影片,https://www.ptt.cc/bbs/AI_Art/M.1779071767.A.5BE.html,1
[閒聊] 反重力cil反代玩酒館容易被封嗎,https://www.ptt.cc/bbs/AI_Art/M.1779086133.A.69A.html,7
Re: [分享] 《綠廡之間》 水手服廢墟漫畫,https://www.ptt.cc/bbs/AI_Art/M.1779111791.A.454.html,
Fw: [新聞] 馬斯克不忍了！告OpenAI與微軟不當得利,https://www.ptt.cc/bbs/AI_Art/M.1779154803.A.6DF.html,2
Fw: [爆卦] Mythos 5天攻破蘋果花5年打造的晶片防線,https://www.ptt.cc/bbs/AI_Art/M.1779158696.A.F4C.html,6
Fw: [活俠] 雪山派AI美術展,https://www.ptt.cc/bbs/AI_Art/M.1779199914.A.1C9.html,2
[閒聊] Gemini新出的3.5flash與omni,https://www.ptt.cc/bbs/AI_Art/M.1779245889.A.515.html,9
[閒聊] Codex又重置了,https://www.ptt.cc/bbs/AI_Art/M.1779250124.A.B87.html,6
Re: [閒聊] anima-base-v1.0版出了,https://www.ptt.cc/bbs/AI_Art/M.1779271695.A.320.html,3
Re: [閒聊] Gemini新出的3.5flash與omni,https://www.ptt.cc/bbs/AI_Art/M.1779280478.A.334.html,6
Fw: [活俠] 讓AI幫你雕師父的彩色玉像,https://www.ptt.cc/bbs/AI_Art/M.1779286774.A.4D6.html,
Re: [閒聊] 馬斯克給claude送算力了,https://www.ptt.cc/bbs/AI_Art/M.1779337417.A.7B7.html,7
[教學] 有人會用COMFY UI嗎?求教導,https://www.ptt.cc/bbs/AI_Art/M.1779415162.A.41B.html,8
Re: [閒聊] anima-base-v1.0版出了,https://www.ptt.cc/bbs/AI_Art/M.1779416244.A.7A6.html,3
Re: [閒聊] anima-base-v1.0版出了,https://www.ptt.cc/bbs/AI_Art/M.1779424906.A.9D4.html,2
[討論] gemini(付費）做極度誇張的身材（真人）,https://www.ptt.cc/bbs/AI_Art/M.1779450587.A.8C9.html,43
[情報] NVIDIA Star Elastic 可變參數量模型,https://www.ptt.cc/bbs/AI_Art/M.1778401232.A.524.html,3
Fw: [酒館] Gemini根本AI誠哥，車速快到攔都攔不住,https://www.ptt.cc/bbs/AI_Art/M.1778466802.A.3AB.html,5
[閒聊] 有人訂閱Kling時刷卡被擋嗎？,https://www.ptt.cc/bbs/AI_Art/M.1778496042.A.B11.html,
[分享] AI 喪屍清道夫 重製版,https://www.ptt.cc/bbs/AI_Art/M.1778574086.A.88A.html,4
Re: [情報] Gemma 4 MTP投機解碼模型發布,https://www.ptt.cc/bbs/AI_Art/M.1778586853.A.68E.html,2
[分享] ComfyUI AMD RX9070XT專用便攜包分享,https://www.ptt.cc/bbs/AI_Art/M.1778595543.A.524.html,7
[情報]供應鏈攻擊Mini Shai-Hulud,https://www.ptt.cc/bbs/AI_Art/M.1778629360.A.553.html,1
Fw: [新聞] Google幹大事！全新影片AI「Omni」流出,https://www.ptt.cc/bbs/AI_Art/M.1778633616.A.3EC.html,1
[閒聊] 鼓起勇氣詢問，做瑟圖有沒有訣竅？,https://www.ptt.cc/bbs/AI_Art/M.1778661877.A.4B0.html,18
Re: [分享] 《綠廡之間》 水手服廢墟漫畫,https://www.ptt.cc/bbs/AI_Art/M.1778675092.A.F28.html,
Re: [閒聊] 鼓起勇氣詢問，做瑟圖有沒有訣竅？,https://www.ptt.cc/bbs/AI_Art/M.1778725040.A.DC8.html,14
Fw: [活俠] AI製作的各角色內衣介紹圖,https://www.ptt.cc/bbs/AI_Art/M.1778747962.A.F2B.html,5
[閒聊] anima-base-v1.0版出了,https://www.ptt.cc/bbs/AI_Art/M.1778817599.A.180.html,10
Re: [閒聊] 鼓起勇氣詢問，做瑟圖有沒有訣竅？,https://www.ptt.cc/bbs/AI_Art/M.1778831166.A.5D4.html,6
Re: [閒聊] 鼓起勇氣詢問，做瑟圖有沒有訣竅？,https://www.ptt.cc/bbs/AI_Art/M.1778860440.A.FA1.html,6
Re: [閒聊] GPT-5.5 資安測試與 Claude Mythos 幾,https://www.ptt.cc/bbs/AI_Art/M.1778909156.A.087.html,2
[分享] 西貢無戰事,https://www.ptt.cc/bbs/AI_Art/M.1778914244.A.2CE.html,
[閒聊] 試試可以瑟瑟的文字語言模型,https://www.ptt.cc/bbs/AI_Art/M.1778926548.A.789.html,9
[閒聊] 離譜的Grok流量,https://www.ptt.cc/bbs/AI_Art/M.1778926708.A.DB0.html,29
[情報] llama.cpp 已合併投機解碼的PR,https://www.ptt.cc/bbs/AI_Art/M.1778965214.A.D92.html,11
[閒聊] 更多機器老婆 遞迴AI Agent..本週AI新聞,https://www.ptt.cc/bbs/AI_Art/M.1777786371.A.97E.html,2
[閒聊] GPT-5.5 資安測試與 Claude Mythos 幾,https://www.ptt.cc/bbs/AI_Art/M.1777850252.A.72C.html,6
Fw: [閒聊] 碼農們開始玩起電子寵物,https://www.ptt.cc/bbs/AI_Art/M.1777876723.A.03A.html,4
[分享] 《綠廡之間》 水手服廢墟漫畫,https://www.ptt.cc/bbs/AI_Art/M.1777896536.A.1C2.html,1
Re: [閒聊] 印度學生利用AI打造MAGA網紅賺取數千美元,https://www.ptt.cc/bbs/AI_Art/M.1777943123.A.DD3.html,3
Re: [閒聊] LTX 2 和 nsfw lora (有聲影片),https://www.ptt.cc/bbs/AI_Art/M.1777943916.A.94F.html,
[討論] gemini付費版生成真人的一致性？,https://www.ptt.cc/bbs/AI_Art/M.1777966943.A.AF3.html,8
[情報] Gemma 4 MTP投機解碼模型發布,https://www.ptt.cc/bbs/AI_Art/M.1777998902.A.DD4.html,7
[閒聊] Sora停止服務 grok要錢..替代剩GPT?,https://www.ptt.cc/bbs/AI_Art/M.1778050891.A.C90.html,16
Fw: [閒聊] 有研究發現AI也能吸毒,https://www.ptt.cc/bbs/AI_Art/M.1778053039.A.E7C.html,4
Re: [閒聊] 有研究發現AI也能吸毒,https://www.ptt.cc/bbs/AI_Art/M.1778076878.A.603.html,3
Re: [討論] gemini付費版生成真人的一致性？,https://www.ptt.cc/bbs/AI_Art/M.1778079776.A.531.html,1
[閒聊] 馬斯克給claude送算力了,https://www.ptt.cc/bbs/AI_Art/M.1778115994.A.EBE.html,11
[討論] Gemini不登入的話連續問許多次後會卡住？,https://www.ptt.cc/bbs/AI_Art/M.1778139917.A.FD0.html,
Fw: [閒聊] ai酒館能取代CRPG了?進化太快了吧,https://www.ptt.cc/bbs/AI_Art/M.1778140696.A.567.html,4
Re: [分享] 《綠廡之間》 水手服廢墟漫畫,https://www.ptt.cc/bbs/AI_Art/M.1778238481.A.508.html,
[情報] GPT比基尼泳裝雜誌圖成功率很高,https://www.ptt.cc/bbs/AI_Art/M.1778287434.A.96F.html,41
[閒聊] 試玩openrouter幾個模型的簡短心得,https://www.ptt.cc/bbs/AI_Art/M.1778299171.A.399.html,2
Re: [情報] GPT比基尼泳裝雜誌圖成功率很高,https://www.ptt.cc/bbs/AI_Art/M.1778338815.A.4BC.html,1
[閒聊] 自進化AI GPT即時語音 ..本週AI新聞,https://www.ptt.cc/bbs/AI_Art/M.1778389397.A.F0F.html,2
Re: [閒聊] RTX3090 單/雙卡 本地LLM運算AI電腦心得,https://www.ptt.cc/bbs/AI_Art/M.1777159544.A.62B.html,2
[閒聊] 新Deepseek/GPT 做遊戲Agent..本週AI新聞,https://www.ptt.cc/bbs/AI_Art/M.1777178942.A.6C9.html,2
Re: [閒聊] RTX3090 單/雙卡 本地LLM運算AI電腦心得,https://www.ptt.cc/bbs/AI_Art/M.1777204045.A.215.html,4
[閒聊] 新加坡外交部長親自打造AI Agent系統,https://www.ptt.cc/bbs/AI_Art/M.1777251540.A.10F.html,1
[閒聊] 心經 | 空 彼岸關東煮 搖滾版,https://www.ptt.cc/bbs/AI_Art/M.1777273694.A.8EE.html,2
[討論] RTX3060跑SD常常爆顯存有調整方法嗎?,https://www.ptt.cc/bbs/AI_Art/M.1777279747.A.F63.html,14
[情報] GPTimage2每天一百張(沒了) Labnana,https://www.ptt.cc/bbs/AI_Art/M.1777293154.A.4B9.html,3
[討論] 通用性遊戲文件建立問題,https://www.ptt.cc/bbs/AI_Art/M.1777340820.A.D76.html,6
Re: [討論] 通用性遊戲文件建立問題,https://www.ptt.cc/bbs/AI_Art/M.1777350577.A.44F.html,6
[閒聊] 馬斯克告openai大家站哪邊?,https://www.ptt.cc/bbs/AI_Art/M.1777424734.A.F53.html,15
Re: [閒聊] Grok現在是免費仔用不了了嗎,https://www.ptt.cc/bbs/AI_Art/M.1777429414.A.825.html,1
[閒聊] GPT5.5:禁止談論哥布林與其他生物,https://www.ptt.cc/bbs/AI_Art/M.1777441665.A.504.html,8
[閒聊] ChatGPT文字生成,https://www.ptt.cc/bbs/AI_Art/M.1777457244.A.638.html,1
Fw: [閒聊] 隨機AI漫畫,https://www.ptt.cc/bbs/AI_Art/M.1777467913.A.3E9.html,1
[閒聊] 1930復古語言模型talkie,https://www.ptt.cc/bbs/AI_Art/M.1777516902.A.738.html,7
[情報] GPT-image2減少雜訊 詳細指示提詞,https://www.ptt.cc/bbs/AI_Art/M.1777544192.A.D4D.html,10
[討論] 寫長篇小說，哪個ai最強？,https://www.ptt.cc/bbs/AI_Art/M.1777585507.A.C0D.html,10
Re: [閒聊] OpenGame:一句提示詞生成遊戲,https://www.ptt.cc/bbs/AI_Art/M.1777637292.A.3B4.html,
Re: [閒聊] OpenGame:一句提示詞生成遊戲,https://www.ptt.cc/bbs/AI_Art/M.1777655777.A.F42.html,
[閒聊] 日常生活用 推薦哪款ai,https://www.ptt.cc/bbs/AI_Art/M.1777678508.A.86D.html,20
[情報] OPENAI推出GPT-Rosalind 模型,https://www.ptt.cc/bbs/AI_Art/M.1776732872.A.79C.html,5
Fw: [閒聊] NicoNico動畫AI角色評論功能,https://www.ptt.cc/bbs/AI_Art/M.1776774720.A.644.html,1
[情報] AI影片免費無限生? AI Video Maker,https://www.ptt.cc/bbs/AI_Art/M.1776780241.A.505.html,2
Fw: [情報] GPT Image 2.0正式推出,https://www.ptt.cc/bbs/AI_Art/M.1776815815.A.063.html,7
[閒聊] 成為超級AI玩家的門要關上了？,https://www.ptt.cc/bbs/AI_Art/M.1776828176.A.CBB.html,8
[閒聊] Grok現在是免費仔用不了了嗎,https://www.ptt.cc/bbs/AI_Art/M.1776833595.A.158.html,7
Re: [情報] GPT Image 2.0正式推出,https://www.ptt.cc/bbs/AI_Art/M.1776862959.A.0CA.html,8
Re: [閒聊] Qwen色圖自用教學,https://www.ptt.cc/bbs/AI_Art/M.1776864640.A.58E.html,4
[分享]把 Gem的文字冒險互動遊戲轉換為網頁遊戲,https://www.ptt.cc/bbs/AI_Art/M.1776872292.A.876.html,9
[閒聊] 印度學生利用AI打造MAGA網紅賺取數千美元,https://www.ptt.cc/bbs/AI_Art/M.1776909254.A.A5A.html,6
[閒聊] OpenGame:一句提示詞生成遊戲,https://www.ptt.cc/bbs/AI_Art/M.1776909307.A.DC0.html,6
Re: [分享]把 Gem的文字冒險互動遊戲轉換為網頁遊戲,https://www.ptt.cc/bbs/AI_Art/M.1776925556.A.AA0.html,2
[情報] OPENAI推出新模型 GPT5.5,https://www.ptt.cc/bbs/AI_Art/M.1776989966.A.AAB.html,14
[閒聊] 又有超強小模型? Qwen3.6-27B,https://www.ptt.cc/bbs/AI_Art/M.1777000741.A.F39.html,20
Re: [分享]把 Gem的文字冒險互動遊戲轉換為網頁遊戲,https://www.ptt.cc/bbs/AI_Art/M.1777024035.A.806.html,
Re: [閒聊] 又有超強小模型? Qwen3.6-27B,https://www.ptt.cc/bbs/AI_Art/M.1777028504.A.B45.html,7
Re: [情報] GPT Image 2.0正式推出,https://www.ptt.cc/bbs/AI_Art/M.1777031325.A.303.html,9
[分享] 近日製作的gem,https://www.ptt.cc/bbs/AI_Art/M.1777096390.A.8AA.html,1
[分享] 文字互動遊戲(gem)設計助手,https://www.ptt.cc/bbs/AI_Art/M.1777097744.A.2AE.html,
Re: [分享]把 Gem的文字冒險互動遊戲轉換為網頁遊戲,https://www.ptt.cc/bbs/AI_Art/M.1777113301.A.9BA.html,2
[討論] 圖生成動畫ai,https://www.ptt.cc/bbs/AI_Art/M.1775808602.A.264.html,1
Re: [閒聊] 悲報！Civit 免費仔不能創造R18內容,https://www.ptt.cc/bbs/AI_Art/M.1775823276.A.C4A.html,6
[分享] 自製的html批次翻譯器 HtmTxTrans,https://www.ptt.cc/bbs/AI_Art/M.1775839598.A.32E.html,3
Fw: [閒聊] AI成人漫畫創作防止扣分指引,https://www.ptt.cc/bbs/AI_Art/M.1775902070.A.095.html,1
"[閒聊] Claude Mythos,Meta新模型..本週AI新聞",https://www.ptt.cc/bbs/AI_Art/M.1775971288.A.ED8.html,5
Fw: [新聞] OpenAI執行長住家連遭攻擊　48小時內爆汽,https://www.ptt.cc/bbs/AI_Art/M.1776049645.A.64E.html,3
[閒聊] 數據證明 Claude 真的變笨了！,https://www.ptt.cc/bbs/AI_Art/M.1776055937.A.754.html,13
Re: [閒聊] 內顯文書機跑本地離線文字AI(Gemma4),https://www.ptt.cc/bbs/AI_Art/M.1776067267.A.6CA.html,1
Fw: [閒聊] 奈良縣觀光宣傳AI動畫,https://www.ptt.cc/bbs/AI_Art/M.1776132902.A.234.html,
Re: [閒聊] 內顯文書機跑本地離線文字AI(Gemma4),https://www.ptt.cc/bbs/AI_Art/M.1776133844.A.987.html,1
[閒聊] 請問有人用過階躍ai這app嗎,https://www.ptt.cc/bbs/AI_Art/M.1776185446.A.49B.html,6
[情報] 百度ERNIE-Image開源圖像模型,https://www.ptt.cc/bbs/AI_Art/M.1776217153.A.E83.html,2
[閒聊] Illustrious Z 複雜指示理解能力提升,https://www.ptt.cc/bbs/AI_Art/M.1776301765.A.4BC.html,4
[閒聊] Hell Grind 超能力戰鬥影集,https://www.ptt.cc/bbs/AI_Art/M.1776410787.A.DF1.html,2
[閒聊] nano banana 2是不是故障了？,https://www.ptt.cc/bbs/AI_Art/M.1776447800.A.F66.html,3
Re: [閒聊] 資安界核彈Claude Mythos,https://www.ptt.cc/bbs/AI_Art/M.1776475962.A.9F7.html,1
Re: [閒聊] GPT-image-2疑似部分上線,https://www.ptt.cc/bbs/AI_Art/M.1776477421.A.CDA.html,9
[閒聊] ClaudeOpus4.7 Qwen3.6 ..本週AI新聞,https://www.ptt.cc/bbs/AI_Art/M.1776573696.A.F9A.html,5
[閒聊] 最近給codex裝了superpower skills,https://www.ptt.cc/bbs/AI_Art/M.1776614587.A.291.html,3
[閒聊] 用nano banana 2要怎做到這樣？,https://www.ptt.cc/bbs/AI_Art/M.1776680913.A.9AE.html,2
[情報] 免費的google veo3.1影片生成,https://www.ptt.cc/bbs/AI_Art/M.1775180316.A.0D0.html,
[情報] Google 推出 Gemma 4 開放模型，對抗,https://www.ptt.cc/bbs/AI_Art/M.1775187123.A.6FB.html,19
Re: [討論] Seednace 2.0真的可以取代傳統電影工業,https://www.ptt.cc/bbs/AI_Art/M.1775187777.A.DA9.html,6
[分享] 企業 AI Agent 治理：三大雲戰略布局,https://www.ptt.cc/bbs/AI_Art/M.1775239167.A.322.html,2
[閒聊] Netflix出模型 完全移除影片物件+影響,https://www.ptt.cc/bbs/AI_Art/M.1775265619.A.96E.html,2
[閒聊] Qwen與Deepseek的共產黨癖好被發現了,https://www.ptt.cc/bbs/AI_Art/M.1775267559.A.EB3.html,5
[閒聊] claude今天有送點卡喔,https://www.ptt.cc/bbs/AI_Art/M.1775288338.A.645.html,9
Re: [閒聊] 內顯文書機跑本地離線文字AI(Gemma4),https://www.ptt.cc/bbs/AI_Art/M.1775289424.A.BFF.html,4
Fw: [閒聊] 記憶體要跌回正常價了嗎,https://www.ptt.cc/bbs/AI_Art/M.1775353420.A.F7B.html,2
[閒聊] GPT-image-2疑似部分上線,https://www.ptt.cc/bbs/AI_Art/M.1775354728.A.A59.html,2
[閒聊] 辜狗開源AI ClaudeCode洩漏..本週AI新聞,https://www.ptt.cc/bbs/AI_Art/M.1775361185.A.D78.html,5
[閒聊] RTX3090 單/雙卡 本地LLM運算AI電腦心得,https://www.ptt.cc/bbs/AI_Art/M.1775382489.A.CF0.html,17
[閒聊] 研究:ChatGPT導致妄想螺旋,https://www.ptt.cc/bbs/AI_Art/M.1775435732.A.F9C.html,5
Fw: [閒聊] 玩小遊戲證明你比AI聰明  ARC-AGI-3,https://www.ptt.cc/bbs/AI_Art/M.1775471675.A.77F.html,3
Fw: [閒聊] 十年前 普遍認為漫畫家是AI取代不了,https://www.ptt.cc/bbs/AI_Art/M.1775481762.A.C02.html,12
[閒聊] Gemma4當作LLLM作AIAgent的測試,https://www.ptt.cc/bbs/AI_Art/M.1775551829.A.6E4.html,5
[情報] Qwen簡易姿勢變更機/服裝提詞站,https://www.ptt.cc/bbs/AI_Art/M.1775564164.A.636.html,6
[閒聊] 資安界核彈Claude Mythos,https://www.ptt.cc/bbs/AI_Art/M.1775643415.A.E67.html,4
[閒聊] Meta發布MuseSpark模型,https://www.ptt.cc/bbs/AI_Art/M.1775707812.A.B38.html,4
[分享] gem_特攝老司機、昭和歡樂特攝,https://www.ptt.cc/bbs/AI_Art/M.1775709882.A.329.html,1
[分享] AI EXPO 2026：AI幫我規劃的三天行程,https://www.ptt.cc/bbs/AI_Art/M.1774620745.A.E54.html,2
Re: [情報] Claude 調整特定時段Limit Rate速率,https://www.ptt.cc/bbs/AI_Art/M.1774626090.A.19D.html,4
[閒聊] 內建越獄功能的agent?! Hermes,https://www.ptt.cc/bbs/AI_Art/M.1774663389.A.8FA.html,5
Re: [閒聊] ChatGPT成人模式程式碼被發現,https://www.ptt.cc/bbs/AI_Art/M.1774665411.A.3C7.html,5
Fw: [閒聊] 愛上火車 AI伴侶 八六,https://www.ptt.cc/bbs/AI_Art/M.1774701968.A.807.html,
[討論] genini pro付費版解國文能力很差？,https://www.ptt.cc/bbs/AI_Art/M.1774702705.A.823.html,3
[分享] 史丹佛CS:The Modern Software Developer,https://www.ptt.cc/bbs/AI_Art/M.1774752436.A.5EF.html,1
[閒聊] 機器老婆 AI腦掃描 估狗語音..本週AI新聞,https://www.ptt.cc/bbs/AI_Art/M.1774756926.A.096.html,3
[情報] AheadForm: Robot Origin F1 + Omni,https://www.ptt.cc/bbs/AI_Art/M.1774759525.A.FD0.html,2
[閒聊] claude感謝祭結束了不知道我撐不撐得住,https://www.ptt.cc/bbs/AI_Art/M.1774765343.A.5DE.html,5
[閒聊] Gemini pro 這兩天文字冒險不提供選項,https://www.ptt.cc/bbs/AI_Art/M.1774842470.A.A4D.html,3
[閒聊] 被grok鎖了,https://www.ptt.cc/bbs/AI_Art/M.1774851554.A.A56.html,9
[分享] 天人五衰───修羅場,https://www.ptt.cc/bbs/AI_Art/M.1774858193.A.435.html,
Re: [閒聊] 各家AI模型寫色文評比,https://www.ptt.cc/bbs/AI_Art/M.1774873772.A.7FB.html,4
[閒聊] Gemini疑似能屏蔽舊對話窗內容,https://www.ptt.cc/bbs/AI_Art/M.1774930569.A.B79.html,2
[閒聊] Claude code source code leak,https://www.ptt.cc/bbs/AI_Art/M.1774963889.A.C7A.html,12
[分享] 自動把色圖切圖層的模型,https://www.ptt.cc/bbs/AI_Art/M.1775042567.A.64C.html,11
Fw: [新聞] 天國降臨：救贖2 翻譯被解雇「以後用AI」,https://www.ptt.cc/bbs/AI_Art/M.1775082285.A.D5E.html,4
[情報] wan2.7-image 圖片/影片生成 沒開源,https://www.ptt.cc/bbs/AI_Art/M.1775097359.A.FCD.html,13
[閒聊] 1-bit模型 又一個性能加速幾倍的技術,https://www.ptt.cc/bbs/AI_Art/M.1775127829.A.E83.html,5
[閒聊] Cursor Composer 2 登場就有大爭議?,https://www.ptt.cc/bbs/AI_Art/M.1774027033.A.791.html,7
[問卷]生成式AI訂閱意願調查(每人20P),https://www.ptt.cc/bbs/AI_Art/M.1774065355.A.808.html,13
Re: [討論] AI context engineering 上下文工程,https://www.ptt.cc/bbs/AI_Art/M.1774072331.A.7F6.html,4
[多模] 人機共創｜間奏｜巡夢者與他的影子 1+3α,https://www.ptt.cc/bbs/AI_Art/M.1774101240.A.6F3.html,1
[閒聊] AI教室 自進化AI NvidiaGTC ..本週AI新聞,https://www.ptt.cc/bbs/AI_Art/M.1774152392.A.5F9.html,
[分享] 把 OpenClaw 做成可開機隨身系統,https://www.ptt.cc/bbs/AI_Art/M.1774158174.A.621.html,6
Re: [情報] 悲報 tensor免費仔不給色了,https://www.ptt.cc/bbs/AI_Art/M.1774178094.A.6A5.html,3
[閒聊]終於找到可以生成繁中色色小說的AI平台了,https://www.ptt.cc/bbs/AI_Art/M.1774256573.A.7B5.html,
[閒聊] 雪山飛狐國際進化版,https://www.ptt.cc/bbs/AI_Art/M.1774262405.A.0D5.html,10
[分享] gem_特攝巨型英雄,https://www.ptt.cc/bbs/AI_Art/M.1774266262.A.307.html,
[情報] Luma Uni-1 多模態推理 香蕉競品,https://www.ptt.cc/bbs/AI_Art/M.1774318121.A.87D.html,6
Re: [情報] Luma Uni-1 多模態推理 香蕉競品,https://www.ptt.cc/bbs/AI_Art/M.1774325498.A.84E.html,5
Fw: [閒聊] 無形饕餮-捏碎神像吞噬靈魂 短篇漫畫,https://www.ptt.cc/bbs/AI_Art/M.1774353806.A.EAE.html,2
[閒聊] AI EXPO Taiwan 2026,https://www.ptt.cc/bbs/AI_Art/M.1774373626.A.84D.html,1
Fw: [情報] OpenAI將關閉Sora功能,https://www.ptt.cc/bbs/AI_Art/M.1774400033.A.5B2.html,8
Re: [情報] OpenAI將關閉Sora功能,https://www.ptt.cc/bbs/AI_Art/M.1774411089.A.F0D.html,10
[分享] gem_緣分模擬器2、創世與文明演化模擬器,https://www.ptt.cc/bbs/AI_Art/M.1774492810.A.CAD.html,
Re: [情報] Google Gemini新增30秒音樂生成功能,https://www.ptt.cc/bbs/AI_Art/M.1774504604.A.AD8.html,4
[情報] Claude 調整特定時段Limit Rate速率,https://www.ptt.cc/bbs/AI_Art/M.1774578445.A.A95.html,6
Re: [閒聊] 無形饕餮-捏碎神像吞噬靈魂 短篇漫畫,https://www.ptt.cc/bbs/AI_Art/M.1774617139.A.7C0.html,
Re: [分享] Reverie — AI 情色小說生成平台 (免費),https://www.ptt.cc/bbs/AI_Art/M.1773385050.A.1F3.html,19
[閒聊] grok支援多圖生影片了 最多七張,https://www.ptt.cc/bbs/AI_Art/M.1773451703.A.D36.html,1
[多模] 去美國出差遇劫，救了我的竟然是台積電,https://www.ptt.cc/bbs/AI_Art/M.1773466979.A.F72.html,2
[閒聊] AI地圖 實時3D世界 動漫模型..本週AI新聞,https://www.ptt.cc/bbs/AI_Art/M.1773547353.A.FB5.html,3
Re: [分享] Reverie — AI 情色小說生成平台 (免費),https://www.ptt.cc/bbs/AI_Art/M.1773554157.A.A17.html,1
Fw: [問卦] 為什麼AI要一直裝熟？,https://www.ptt.cc/bbs/AI_Art/M.1773560063.A.AFF.html,2
[分享] gem_靈感實驗室、兼職作家模擬器,https://www.ptt.cc/bbs/AI_Art/M.1773653799.A.21E.html,
[閒聊]  Slam Dunk AI版,https://www.ptt.cc/bbs/AI_Art/M.1773653905.A.EA8.html,
[閒聊] 老共的360把SSL私鑰扔到AI助理上,https://www.ptt.cc/bbs/AI_Art/M.1773668353.A.6A8.html,14
[討論] AI文體測試,https://www.ptt.cc/bbs/AI_Art/M.1773713965.A.7CE.html,1
[討論] grok生圖是不是不懂角度?,https://www.ptt.cc/bbs/AI_Art/M.1773752002.A.FEC.html,7
[閒聊] 馬斯克:我要練三個,https://www.ptt.cc/bbs/AI_Art/M.1773802080.A.07E.html,2
[閒聊] 首爾世界模型 真實街景,https://www.ptt.cc/bbs/AI_Art/M.1773808163.A.F78.html,5
[閒聊] Gem  RayStock AI 股票分析,https://www.ptt.cc/bbs/AI_Art/M.1773812562.A.747.html,1
[圖像] SDXL無腦加速節點,https://www.ptt.cc/bbs/AI_Art/M.1773830439.A.825.html,10
［分享］ gem_輪迴社會模擬器，2版,https://www.ptt.cc/bbs/AI_Art/M.1773831883.A.7F9.html,
[閒聊] Qwen色圖自用教學,https://www.ptt.cc/bbs/AI_Art/M.1773885798.A.5CF.html,10
[閒聊] Grok生圖生影片不給免費用了,https://www.ptt.cc/bbs/AI_Art/M.1773922309.A.B4C.html,49
Re: [閒聊] Grok生圖生影片不給免費用了,https://www.ptt.cc/bbs/AI_Art/M.1773969769.A.1B3.html,16
Fw: [討論] AI context engineering 上下文工程,https://www.ptt.cc/bbs/AI_Art/M.1774014485.A.5A8.html,3
[閒聊] Agents 24小時跑實驗寫代碼,https://www.ptt.cc/bbs/AI_Art/M.1772864029.A.F0D.html,3
Re: [閒聊] Qwen3.5評價與家用部屬場景(3090),https://www.ptt.cc/bbs/AI_Art/M.1772891071.A.8A5.html,7
[閒聊] 各家AI模型寫色文評比,https://www.ptt.cc/bbs/AI_Art/M.1772934754.A.F82.html,14
[閒聊] LTX2.3 GPT5.4 即時影片生成..本週AI新聞,https://www.ptt.cc/bbs/AI_Art/M.1772942218.A.541.html,4
[分享] 我不是歌手 詹姆斯 愛我別走,https://www.ptt.cc/bbs/AI_Art/M.1772955965.A.34D.html,4
[討論] 請問這裡可以問咒語嗎??,https://www.ptt.cc/bbs/AI_Art/M.1772966911.A.885.html,7
Re: [閒聊] 各家AI模型寫色文評比,https://www.ptt.cc/bbs/AI_Art/M.1773015539.A.D34.html,6
[閒聊] 推特熱議短篇小說 (GPT5.4 Pro),https://www.ptt.cc/bbs/AI_Art/M.1773032018.A.654.html,
Re: [閒聊] 各家AI模型寫色文評比,https://www.ptt.cc/bbs/AI_Art/M.1773065727.A.ED2.html,25
[情報] Gemini被偷偷調笨了 +可能解法,https://www.ptt.cc/bbs/AI_Art/M.1773102419.A.B9B.html,7
[閒聊] Qwen3.5 35B gguf 在 3060 12GB上試用,https://www.ptt.cc/bbs/AI_Art/M.1773136991.A.187.html,5
[分享] gem_機戰_也是文字冒險,https://www.ptt.cc/bbs/AI_Art/M.1773199947.A.6D4.html,1
[閒聊] moltbook 被祖哥買走了XDDDD,https://www.ptt.cc/bbs/AI_Art/M.1773205747.A.164.html,7
[分享] gem_機獸世界,https://www.ptt.cc/bbs/AI_Art/M.1773273198.A.203.html,
[閒聊] 李弘毅 - 以 OpenClaw 為例介紹 AI Agent 運作原理,https://www.ptt.cc/bbs/AI_Art/M.1773301659.A.4DE.html,7
[分享] 企業代理人(Agent)之年，虛擬員工進駐,https://www.ptt.cc/bbs/AI_Art/M.1773310808.A.F03.html,8
[閒聊] 想請問各位做出來的擦邊影片都如何處理,https://www.ptt.cc/bbs/AI_Art/M.1773324684.A.41D.html,11
[討論] grok 3又能瑟瑟了？之前不是說已死？,https://www.ptt.cc/bbs/AI_Art/M.1773329950.A.994.html,10
Re: [討論] grok 3又能瑟瑟了？之前不是說已死？,https://www.ptt.cc/bbs/AI_Art/M.1773366781.A.AB3.html,14
[分享] Reverie — AI 情色小說生成平台 (免費),https://www.ptt.cc/bbs/AI_Art/M.1773377083.A.37F.html,6
Re: [閒聊] 負空間的由來,https://www.ptt.cc/bbs/AI_Art/M.1772354193.A.251.html,3
[情報] grok影片能夠延長秒數了,https://www.ptt.cc/bbs/AI_Art/M.1772356211.A.FDE.html,16
Re: [閒聊] 負空間的由來,https://www.ptt.cc/bbs/AI_Art/M.1772359768.A.D2C.html,1
Re: [閒聊] 負空間的由來,https://www.ptt.cc/bbs/AI_Art/M.1772364855.A.107.html,11
[公告] 請注意文章連發與討論語氣,https://www.ptt.cc/bbs/AI_Art/M.1772374445.A.B9E.html,1
[閒聊] MuMu 音樂台,https://www.ptt.cc/bbs/AI_Art/M.1772430852.A.05B.html,3
[閒聊] Minecraft：AI 技術的終極試刀石,https://www.ptt.cc/bbs/AI_Art/M.1772513457.A.CDD.html,
[分享] gem_中華二番,https://www.ptt.cc/bbs/AI_Art/M.1772528831.A.63B.html,
Gemini pro最近怪怪的？,https://www.ptt.cc/bbs/AI_Art/M.1772540139.A.863.html,11
[分享] 古格王朝(預告篇),https://www.ptt.cc/bbs/AI_Art/M.1772586591.A.E49.html,1
Re: [閒聊] 負空間的由來,https://www.ptt.cc/bbs/AI_Art/M.1772597913.A.CB1.html,
Re: [閒聊] 內顯文書機跑本地離線文字AI(Qwen3.5),https://www.ptt.cc/bbs/AI_Art/M.1772600727.A.065.html,12
[閒聊] 《混亂的智能體》 (Agents of Chaos),https://www.ptt.cc/bbs/AI_Art/M.1772678589.A.C4B.html,5
[閒聊] Qwen 3.5 網路評價與家用部屬場景(3090),https://www.ptt.cc/bbs/AI_Art/M.1772731938.A.221.html,14
[討論] 霍去病,https://www.ptt.cc/bbs/AI_Art/M.1772761267.A.8EC.html,2
[閒聊] 1000B巨大開源模型Yuan3.0 Ultra,https://www.ptt.cc/bbs/AI_Art/M.1772764147.A.CA3.html,5
[閒聊] FinLab財經實驗室 AI 實測,https://www.ptt.cc/bbs/AI_Art/M.1772765787.A.ADA.html,1
Re: [討論] 霍去病,https://www.ptt.cc/bbs/AI_Art/M.1772795085.A.254.html,4
Re: [討論] 霍去病,https://www.ptt.cc/bbs/AI_Art/M.1772801883.A.64E.html,2
[閒聊] GPT5.4Thinking還不錯,https://www.ptt.cc/bbs/AI_Art/M.1772802362.A.B65.html,61
Re: [閒聊] NanoBanana Flash?,https://www.ptt.cc/bbs/AI_Art/M.1772028116.A.E2D.html,1
Re: [閒聊] 負空間的由來,https://www.ptt.cc/bbs/AI_Art/M.1772041817.A.2ED.html,
Re: [閒聊] 負空間的由來,https://www.ptt.cc/bbs/AI_Art/M.1772043174.A.3F4.html,3
Re: [AI音樂]Ace-step1.5 prompt,https://www.ptt.cc/bbs/AI_Art/M.1772071795.A.481.html,
Re: [閒聊] 負空間的由來,https://www.ptt.cc/bbs/AI_Art/M.1772105030.A.F6C.html,8
Re: [情報] 悲報 tensor免費仔不給色了,https://www.ptt.cc/bbs/AI_Art/M.1772107209.A.2A0.html,7
[閒聊] 大家這麼會用AI 有為你帶來更多收入嗎?,https://www.ptt.cc/bbs/AI_Art/M.1772153803.A.508.html,18
[情報] NanoBanana2正式發布,https://www.ptt.cc/bbs/AI_Art/M.1772161892.A.588.html,23
Re: [情報] NanoBanana2正式發布,https://www.ptt.cc/bbs/AI_Art/M.1772180959.A.066.html,5
Fw: [閒聊] 很猛的AI圖,https://www.ptt.cc/bbs/AI_Art/M.1772191477.A.26B.html,4
Re: [情報] NanoBanana2正式發布,https://www.ptt.cc/bbs/AI_Art/M.1772194963.A.4F9.html,1
"Fw: [新聞] 五角大廈將Anthropic列入黑名單,標記為供",https://www.ptt.cc/bbs/AI_Art/M.1772250058.A.486.html,13
[代理] Antigravity: Skills Chronicle(插件),https://www.ptt.cc/bbs/AI_Art/M.1772261615.A.957.html,3
"Re: [新聞] 五角大廈將Anthropic列入黑名單,標記為供",https://www.ptt.cc/bbs/AI_Art/M.1772267440.A.C30.html,
Re: [閒聊] 大家這麼會用AI 有為你帶來更多收入嗎?,https://www.ptt.cc/bbs/AI_Art/M.1772272302.A.056.html,1
[閒聊] AI隨身老婆的解決方案 - 龍蝦＋？,https://www.ptt.cc/bbs/AI_Art/M.1772275479.A.732.html,9
[閒聊] 初入AI想請教,https://www.ptt.cc/bbs/AI_Art/M.1772290764.A.A39.html,3
[分享] gem_尋芳江湖4、蒸氣情緣2,https://www.ptt.cc/bbs/AI_Art/M.1772329622.A.5FA.html,2
[閒聊] 實時AI老婆 Qwen3.5 ..本週AI新聞,https://www.ptt.cc/bbs/AI_Art/M.1772337605.A.101.html,13
[討論] Seednace 2.0真的可以取代傳統電影工業,https://www.ptt.cc/bbs/AI_Art/M.1772340057.A.47C.html,12
Re: [閒聊] 每次有AI新玩意兒我都會叫他寫個spine2d,https://www.ptt.cc/bbs/AI_Art/M.1771685770.A.E8E.html,3
[情報]  AI 動態生成世界《Instantale》,https://www.ptt.cc/bbs/AI_Art/M.1771693873.A.3FC.html,4
[閒聊] 腦波轉文字 Qwen3.5 4D場景 ..本週AI新聞,https://www.ptt.cc/bbs/AI_Art/M.1771732955.A.D4C.html,7
[分享] 用AI做了個暗黑破壞神風格的小遊戲,https://www.ptt.cc/bbs/AI_Art/M.1771762178.A.609.html,4
Re: [閒聊] 每次有AI新玩意兒我都會叫他寫個spine2d,https://www.ptt.cc/bbs/AI_Art/M.1771767919.A.5FE.html,1
Re: [閒聊] 負空間的由來,https://www.ptt.cc/bbs/AI_Art/M.1771772414.A.B7B.html,2
[閒聊] 放棄思考時，Agents 幫我重構職涯(創作),https://www.ptt.cc/bbs/AI_Art/M.1771786730.A.CED.html,
[分享] 用gemini做的遊戲，元素倖存者,https://www.ptt.cc/bbs/AI_Art/M.1771797774.A.579.html,2
Fw: [活俠] 用AI製作迷因梗圖實操教學,https://www.ptt.cc/bbs/AI_Art/M.1771807147.A.BAF.html,1
Re: [閒聊] 負空間的由來,https://www.ptt.cc/bbs/AI_Art/M.1771808403.A.293.html,9
[討論] 從圖片估計所需樂高LEGO零件,https://www.ptt.cc/bbs/AI_Art/M.1771831360.A.BB6.html,2
Re: [新聞] 個人AI代理競賽升溫！OpenClaw創辦人加入,https://www.ptt.cc/bbs/AI_Art/M.1771837617.A.3EC.html,4
Re: [情報] kimi k2.5 開源平價分身術,https://www.ptt.cc/bbs/AI_Art/M.1771893655.A.EBC.html,26
Re: [情報] kimi k2.5 開源平價分身術,https://www.ptt.cc/bbs/AI_Art/M.1771895674.A.EE7.html,2
Fw: [新聞] OpenAI下修算力支出目標 2030年前擬投入6,https://www.ptt.cc/bbs/AI_Art/M.1771901512.A.88E.html,
Fw: [請益] AI寫程式交易碼的穩定性？,https://www.ptt.cc/bbs/AI_Art/M.1771905657.A.BBC.html,1
Fw: [請益] AI寫程式交易碼的穩定性？,https://www.ptt.cc/bbs/AI_Art/M.1771905663.A.EF7.html,4
[閒聊] 星晴(前蘇聯版)-前蘇諾(suno AI),https://www.ptt.cc/bbs/AI_Art/M.1771920123.A.4AE.html,1
[閒聊] higgsfield.ai好像沒每天免費十點了,https://www.ptt.cc/bbs/AI_Art/M.1771936118.A.D0E.html,
[閒聊] google買下生歌網站Producer.ai,https://www.ptt.cc/bbs/AI_Art/M.1772011832.A.944.html,
[分享] 新鴛鴦蝴蝶夢,https://www.ptt.cc/bbs/AI_Art/M.1771325610.A.E1F.html,2
[情報] grok4.20 beta已出 四核心,https://www.ptt.cc/bbs/AI_Art/M.1771329187.A.0A4.html,1
[分享] Ghost In The Shell '95 Trailer,https://www.ptt.cc/bbs/AI_Art/M.1771341027.A.16D.html,3
[討論] 翻譯字幕的工具,https://www.ptt.cc/bbs/AI_Art/M.1771347562.A.F38.html,7
[閒聊] 致力做冷門語言的模型TinyAya,https://www.ptt.cc/bbs/AI_Art/M.1771389514.A.C00.html,3
Fw: [閒聊] pixiv要出手管AI標示了,https://www.ptt.cc/bbs/AI_Art/M.1771405104.A.CA3.html,
[影像] Seedance 2.0 電影感短片,https://www.ptt.cc/bbs/AI_Art/M.1771430604.A.415.html,
[影像] Seedance 2.0 賈科長Dance,https://www.ptt.cc/bbs/AI_Art/M.1771430761.A.AA0.html,
[影像] Seedance 2.0 《楚門的世界》續集(AI),https://www.ptt.cc/bbs/AI_Art/M.1771430927.A.D8A.html,1
[情報] Google Gemini新增30秒音樂生成功能,https://www.ptt.cc/bbs/AI_Art/M.1771467800.A.C97.html,5
Fw: [新聞] 個人AI代理競賽升溫！OpenClaw創辦人加入,https://www.ptt.cc/bbs/AI_Art/M.1771470903.A.CCE.html,1
[代理] Agent浪潮改變世界？談談LLM與OpenClaw,https://www.ptt.cc/bbs/AI_Art/M.1771471371.A.4A3.html,8
[閒聊] ChatGPT成人模式程式碼被發現,https://www.ptt.cc/bbs/AI_Art/M.1771550747.A.AF8.html,5
[情報] Gemini 3.1 上線了,https://www.ptt.cc/bbs/AI_Art/M.1771570790.A.48B.html,5
Re: [情報] grok4.20 beta已出 四核心,https://www.ptt.cc/bbs/AI_Art/M.1771578898.A.B60.html,10
FW: [討論] Something Big Is Happening 大事正在發生,https://www.ptt.cc/bbs/AI_Art/M.1771580334.A.E70.html,13
[閒聊] AI焊死在晶片上 每秒產一萬字 功耗1/10,https://www.ptt.cc/bbs/AI_Art/M.1771640074.A.0AD.html,11
[AI音樂]Ace-step1.5 prompt,https://www.ptt.cc/bbs/AI_Art/M.1771645239.A.719.html,2
[閒聊] Gemini 過完年打開對話紀錄全部消失,https://www.ptt.cc/bbs/AI_Art/M.1771656450.A.AD6.html,7
Re: [閒聊] 負空間的由來,https://www.ptt.cc/bbs/AI_Art/M.1771662379.A.B19.html,1
[閒聊] Gemini的Pro選項消失,https://www.ptt.cc/bbs/AI_Art/M.1770669815.A.B4F.html,4
Fw: [閒聊] Seedance 2.0 AI 有點強過頭了…,https://www.ptt.cc/bbs/AI_Art/M.1770688810.A.A40.html,11
[分享] 我做了一個prompt 產生器,https://www.ptt.cc/bbs/AI_Art/M.1770725107.A.93D.html,11
[情報] Qwen-image-2.0上線,https://www.ptt.cc/bbs/AI_Art/M.1770789899.A.DE8.html,5
[分享] 至今我做的gem（Gemini),https://www.ptt.cc/bbs/AI_Art/M.1770889940.A.D02.html,11
[分享] Promptsgo提示詞分享站,https://www.ptt.cc/bbs/AI_Art/M.1770898403.A.DC4.html,1
[討論] 請問Pixai的ControlNet怎麼畫圖？,https://www.ptt.cc/bbs/AI_Art/M.1770913444.A.31F.html,
[閒聊] grok 是不是看不太懂怎麼從衣服口看進去,https://www.ptt.cc/bbs/AI_Art/M.1770944391.A.3EE.html,3
[情報] GLM-5 全能代理與低幻覺標竿,https://www.ptt.cc/bbs/AI_Art/M.1770964050.A.BBD.html,1
[分享] 閻羅王,https://www.ptt.cc/bbs/AI_Art/M.1770965025.A.4F2.html,1
[閒聊]這根本就是春節神器吧？在被窩裡和AI男友聊到天亮,https://www.ptt.cc/bbs/AI_Art/M.1770997500.A.63B.html,4
[閒聊] 這幾天出的日文語音複製生成AI,https://www.ptt.cc/bbs/AI_Art/M.1771042251.A.1AE.html,2
[討論] Grok成為全球第三大聊天機器人,https://www.ptt.cc/bbs/AI_Art/M.1771044005.A.9FA.html,8
[閒聊] First Proof 數學難題測試結果出爐,https://www.ptt.cc/bbs/AI_Art/M.1771058509.A.8E0.html,2
Fw: [新聞] 迪士尼法務出動！Seedance 2.0生成蜘蛛人、星戰角色 被,https://www.ptt.cc/bbs/AI_Art/M.1771117938.A.DEB.html,3
"[閒聊] seedance2,OpenClaw,GLM5...本週AI新聞",https://www.ptt.cc/bbs/AI_Art/M.1771128733.A.28D.html,5
[閒聊] AI小鎮論文作者 首輪獲1億$投資玩模擬城市,https://www.ptt.cc/bbs/AI_Art/M.1771203166.A.6AD.html,5
[分享] 死侍重製試剪版,https://www.ptt.cc/bbs/AI_Art/M.1771203273.A.B1D.html,1
Fw: [新聞] 個人AI代理競賽升溫！OpenClaw創辦人加入,https://www.ptt.cc/bbs/AI_Art/M.1771246032.A.D05.html,1
[閒聊] Leonardo.Ai為什麼換成雜牌icon？,https://www.ptt.cc/bbs/AI_Art/M.1771287590.A.415.html,2
[閒聊] viduQ3影片動畫生成模型 日本關注,https://www.ptt.cc/bbs/AI_Art/M.1770079768.A.54B.html,4
[討論] 換衣服順便換身材,https://www.ptt.cc/bbs/AI_Art/M.1770085263.A.A5B.html,1
Fw: [討論] 不建議考慮地端 model,https://www.ptt.cc/bbs/AI_Art/M.1770086361.A.FB5.html,16
Re: [閒聊] 負空間的由來,https://www.ptt.cc/bbs/AI_Art/M.1770090379.A.412.html,1
Fw: [新聞] AI社交神話破滅？遭爆由真人假扮,https://www.ptt.cc/bbs/AI_Art/M.1770120912.A.F89.html,2
[閒聊] AI Agent - PTT 管板助理實作概念,https://www.ptt.cc/bbs/AI_Art/M.1770161633.A.B61.html,
[討論] Antigravity 的 Agent 模型選擇(兼論地端),https://www.ptt.cc/bbs/AI_Art/M.1770165497.A.060.html,4
[情報] Grok imagine 1.0釋出 10秒720P,https://www.ptt.cc/bbs/AI_Art/M.1770166544.A.D5B.html,12
Re: [閒聊] 負空間的由來,https://www.ptt.cc/bbs/AI_Art/M.1770189350.A.892.html,1
Re: [閒聊] 負空間的由來,https://www.ptt.cc/bbs/AI_Art/M.1770191151.A.0CA.html,
[閒聊] 潛在空間工程 / 意識流提示工程,https://www.ptt.cc/bbs/AI_Art/M.1770223630.A.B98.html,5
[問卷] AI 聊天介面體驗調查（再加碼1000元,https://www.ptt.cc/bbs/AI_Art/M.1770259299.A.EE0.html,3
[閒聊] NanoBanana付費也被限3張?,https://www.ptt.cc/bbs/AI_Art/M.1770294096.A.272.html,1
[閒聊] 每次有AI新玩意兒我都會叫他寫個spine2d,https://www.ptt.cc/bbs/AI_Art/M.1770300897.A.F81.html,5
Re: [閒聊] 負空間的由來,https://www.ptt.cc/bbs/AI_Art/M.1770408581.A.91C.html,4
[討論] 可否推薦能模仿特定口音腔調的免費擬聲AI,https://www.ptt.cc/bbs/AI_Art/M.1770415421.A.40F.html,2
[閒聊] Opus4.6 GPT5.3Codex 紙香蕉..本周AI新聞,https://www.ptt.cc/bbs/AI_Art/M.1770523544.A.0C3.html,3
[閒聊] claude做廣告嗆gpt置入廣告,https://www.ptt.cc/bbs/AI_Art/M.1770543637.A.A2B.html,1
[閒聊] Seedance 2.0能改變影視業規則?,https://www.ptt.cc/bbs/AI_Art/M.1770630713.A.E40.html,3
[閒聊] AI影像模型新霸主 即夢 Seedance 2.0,https://www.ptt.cc/bbs/AI_Art/M.1770631173.A.8F8.html,3
Re: [情報] 悲報 tensor免費仔不給色了,https://www.ptt.cc/bbs/AI_Art/M.1769525213.A.F88.html,
[閒聊] 讓AI接管電腦做事? Clawdbot（moltbot）,https://www.ptt.cc/bbs/AI_Art/M.1769573501.A.268.html,11
[閒聊] 前皮克斯導演團隊做的AI動畫預告,https://www.ptt.cc/bbs/AI_Art/M.1769596819.A.CCE.html,
[分享] 《負空間》,https://www.ptt.cc/bbs/AI_Art/M.1769652545.A.E10.html,
[閒聊] 玩了下騰訊混元3D,https://www.ptt.cc/bbs/AI_Art/M.1769668290.A.F2F.html,4
[問卷] 生成式 AI 對工作績效的影響（結束）,https://www.ptt.cc/bbs/AI_Art/M.1769698559.A.5C2.html,6
[情報] kimi k2.5 開源平價分身術,https://www.ptt.cc/bbs/AI_Art/M.1769750436.A.F36.html,5
[情報] VNCCS姿勢燈光控制系統 (ComfyUI),https://www.ptt.cc/bbs/AI_Art/M.1769774078.A.232.html,
[公告] 2026代理人時代 看板審計與改革方針,https://www.ptt.cc/bbs/AI_Art/M.1769833945.A.A27.html,
[公告] AI_Art 看板 發文標籤與使用準則(2026),https://www.ptt.cc/bbs/AI_Art/M.1769834367.A.878.html,
[公告] AI_Art 看板 參考資源百科,https://www.ptt.cc/bbs/AI_Art/M.1769834701.A.C6E.html,
[水桶] PCC9169,https://www.ptt.cc/bbs/AI_Art/M.1769836222.A.3F4.html,
[閒聊] Agent RPG (Antigravity x Cluade Skill),https://www.ptt.cc/bbs/AI_Art/M.1769838011.A.C25.html,
Fw: [閒聊] Google新模型Genie3造成遊戲業動盪,https://www.ptt.cc/bbs/AI_Art/M.1769908752.A.8AE.html,
[閒聊] AI才能發文的討論平台 Moltbook,https://www.ptt.cc/bbs/AI_Art/M.1769910427.A.249.html,13
[閒聊] 實時AI遊戲 AI地球 ..本周AI新聞,https://www.ptt.cc/bbs/AI_Art/M.1769919055.A.A2A.html,1
[閒聊] Semi-Autonomous Mathematics Discovery,https://www.ptt.cc/bbs/AI_Art/M.1770022162.A.841.html,3
Re: [討論] comfyui跑WAN 2.2記憶體(非VRAM)爆炸,https://www.ptt.cc/bbs/AI_Art/M.1770024913.A.ABA.html,
[閒聊] 負空間的由來,https://www.ptt.cc/bbs/AI_Art/M.1770027331.A.BE6.html,12
Re: [閒聊] 負空間的由來,https://www.ptt.cc/bbs/AI_Art/M.1770034783.A.C47.html,1
Fw: [閒聊] 請GPT拍一張自拍照,https://www.ptt.cc/bbs/AI_Art/M.1768614395.A.4CC.html,1
Re: [閒聊] LTX 2 和 nsfw lora (有聲影片),https://www.ptt.cc/bbs/AI_Art/M.1768644790.A.142.html,9
[閒聊] FLAI新增語音轉文字功能,https://www.ptt.cc/bbs/AI_Art/M.1768644997.A.AE3.html,
Suno隨性創作 重混音效果,https://www.ptt.cc/bbs/AI_Art/M.1768647142.A.3DB.html,1
Fw: [閒聊] 關於Chat GPT怎麼看各位的對待態度,https://www.ptt.cc/bbs/AI_Art/M.1768699220.A.BE4.html,2
[閒聊] AI代理人 開源音樂生成 ..本週AI新聞,https://www.ptt.cc/bbs/AI_Art/M.1768709310.A.715.html,4
[分享] JOJO 西遊記｜崩壞試剪版（躁動紀錄・無,https://www.ptt.cc/bbs/AI_Art/M.1768793104.A.0EA.html,
Fw: [閒聊] 校園風AI擬人 四格漫畫,https://www.ptt.cc/bbs/AI_Art/M.1768819244.A.79E.html,4
Re: [閒聊] 請GPT拍一張自拍照,https://www.ptt.cc/bbs/AI_Art/M.1768879633.A.8A8.html,3
Re: [新聞] Grok 禁止發布生成比基尼圖片,https://www.ptt.cc/bbs/AI_Art/M.1768881533.A.EBF.html,14
Re: [新聞] Grok 禁止發布生成比基尼圖片,https://www.ptt.cc/bbs/AI_Art/M.1768885859.A.7B3.html,25
[分享] 《西門町少女（真實的隙縫補完）》,https://www.ptt.cc/bbs/AI_Art/M.1768900986.A.109.html,
Fw: [研究] 神易卦理的 Gemini AI 推演,https://www.ptt.cc/bbs/AI_Art/M.1768980256.A.0A3.html,1
Fw: [問卦] Gemini的讀音官宣了,https://www.ptt.cc/bbs/AI_Art/M.1768986299.A.219.html,
[情報] Qwen3 TTS 語音生成開源上線,https://www.ptt.cc/bbs/AI_Art/M.1769136416.A.555.html,5
[閒聊] 曹操轉生異世界：赤焰涅槃,https://www.ptt.cc/bbs/AI_Art/M.1769159843.A.BAA.html,1
[閒聊] Oiioii試用 費用,https://www.ptt.cc/bbs/AI_Art/M.1769303723.A.86A.html,6
[閒聊] 實時AI語音 AI直播 互動場景..本週AI新聞,https://www.ptt.cc/bbs/AI_Art/M.1769315504.A.23E.html,
Fw: [閒聊] 自己的OC自己用AI Cosplay,https://www.ptt.cc/bbs/AI_Art/M.1769484356.A.86C.html,2
Re: [新聞] Grok 禁止發布生成比基尼圖片,https://www.ptt.cc/bbs/AI_Art/M.1769501615.A.1D6.html,6
[情報] 徵求一位可以協助設定 comfyui 的版友,https://www.ptt.cc/bbs/AI_Art/M.1768211979.A.4B6.html,7
[討論] 想找到維持身材曲線的 inpaint 方式,https://www.ptt.cc/bbs/AI_Art/M.1768218482.A.C78.html,20
Re: [討論] 想找到維持身材曲線的 inpaint 方式,https://www.ptt.cc/bbs/AI_Art/M.1768225698.A.39C.html,1
Re: [閒聊] 內顯文書機跑本地離線文字AI(Qwen3),https://www.ptt.cc/bbs/AI_Art/M.1768225954.A.327.html,3
[閒聊] 影ぼう–開拓者 爆紅MV,https://www.ptt.cc/bbs/AI_Art/M.1768265144.A.C1B.html,
Re: [閒聊] 影ぼう–開拓者 爆紅MV,https://www.ptt.cc/bbs/AI_Art/M.1768267009.A.76F.html,1
Re: [閒聊] 想找到維持身材曲線的 inpaint 方式,https://www.ptt.cc/bbs/AI_Art/M.1768291429.A.00D.html,1
[分享] comfyui 安裝導入簡易手順 (基礎環境篇),https://www.ptt.cc/bbs/AI_Art/M.1768298857.A.426.html,7
[分享] comfyui 維護簡易手順 (pytorch組件篇),https://www.ptt.cc/bbs/AI_Art/M.1768299469.A.AB2.html,16
[閒聊] 中國連開發和AI聊色的APP來賺錢都犯法,https://www.ptt.cc/bbs/AI_Art/M.1768346304.A.921.html,5
Fw: [新聞] AI霸主地位動搖？ChatGPT網頁流量大跌　G,https://www.ptt.cc/bbs/AI_Art/M.1768368410.A.F30.html,13
[閒聊] 請問雙斜線也是sd的註釋用法嗎,https://www.ptt.cc/bbs/AI_Art/M.1768372186.A.38C.html,4
[閒聊] 標準 AIGC 影片生產流程整理,https://www.ptt.cc/bbs/AI_Art/M.1768424210.A.B48.html,1
Fw: [新聞] Grok 禁止發布生成比基尼圖片,https://www.ptt.cc/bbs/AI_Art/M.1768459561.A.CA3.html,4
[閒聊] 中國AI寫中文小說真的比較強,https://www.ptt.cc/bbs/AI_Art/M.1768486103.A.0BC.html,1
[閒聊] LTX 2 和 nsfw lora (有聲影片),https://www.ptt.cc/bbs/AI_Art/M.1768503010.A.E56.html,
[閒聊] google ai studio 問題,https://www.ptt.cc/bbs/AI_Art/M.1768532244.A.567.html,3
Re: [閒聊] 影ぼう–開拓者 爆紅MV,https://www.ptt.cc/bbs/AI_Art/M.1768568421.A.AA9.html,
[分享] 西門町少女試剪版,https://www.ptt.cc/bbs/AI_Art/M.1768571127.A.FAA.html,
Fw: [閒聊] 請GPT拍一張自拍照,https://www.ptt.cc/bbs/AI_Art/M.1768614363.A.1B1.html,
[討論] Grok的人物手/腳交叉時常常會變異/畸形,https://www.ptt.cc/bbs/AI_Art/M.1767416298.A.C7A.html,3
Fw: [絕區] 馬斯克的兒童色情AI,https://www.ptt.cc/bbs/AI_Art/M.1767431357.A.F50.html,5
[MidJ]鍾馗嫁妹完整版,https://www.ptt.cc/bbs/AI_Art/M.1767432216.A.53C.html,
[閒聊] deepseek歸來 實時3D世界 ..本周AI新聞,https://www.ptt.cc/bbs/AI_Art/M.1767501042.A.986.html,6
[閒聊] Wan lora好像瓶頸期了???,https://www.ptt.cc/bbs/AI_Art/M.1767683333.A.858.html,3
Re: [情報] 悲報 tensor免費仔不給色了,https://www.ptt.cc/bbs/AI_Art/M.1767698664.A.F88.html,3
[閒聊] 內顯都能跑的超小型語言模型BitNet,https://www.ptt.cc/bbs/AI_Art/M.1767754013.A.E82.html,2
[閒聊] LTX-2 窮人的veo3,https://www.ptt.cc/bbs/AI_Art/M.1767809798.A.05F.html,7
[討論] 有人使用Civitai這個繪圖AI嗎？請教用法,https://www.ptt.cc/bbs/AI_Art/M.1767810193.A.39A.html,6
[討論] 替無聲nsfw片配音？,https://www.ptt.cc/bbs/AI_Art/M.1767811386.A.7DB.html,2
[情報] 圖片鏡頭角度變更機 (qwen),https://www.ptt.cc/bbs/AI_Art/M.1767922905.A.C64.html,1
Fw: [情報] 防grok改圖網站服務,https://www.ptt.cc/bbs/AI_Art/M.1767926390.A.669.html,
[StaD] nvfp4測試結果,https://www.ptt.cc/bbs/AI_Art/M.1767956946.A.1F5.html,1
[情報] Grok4.20 Granite花崗岩 疑似快出了,https://www.ptt.cc/bbs/AI_Art/M.1768013509.A.B6D.html,7
[閒聊] 內顯文書機跑本地離線文字AI(Qwen3),https://www.ptt.cc/bbs/AI_Art/M.1768030575.A.4B4.html,8
[分享] Amazing Thailand,https://www.ptt.cc/bbs/AI_Art/M.1768060624.A.3FA.html,3
[閒聊] 通用翻譯模型 LTX更新 ..本週AI新聞,https://www.ptt.cc/bbs/AI_Art/M.1768105025.A.3A3.html,5
[閒聊] 付費gemini幫我做魔方底十字計算器,https://www.ptt.cc/bbs/AI_Art/M.1768151632.A.E85.html,3
[閒聊] Flai網頁版上線,https://www.ptt.cc/bbs/AI_Art/M.1768190424.A.A13.html,6
Re: [閒聊] 內顯文書機跑本地離線文字AI(LFM2.5),https://www.ptt.cc/bbs/AI_Art/M.1768191553.A.C1A.html,3
[閒聊] 怎沒人討論qwen edit 2511?,https://www.ptt.cc/bbs/AI_Art/M.1766649677.A.2E3.html,5
[閒聊] OC(?)祝大家聖誕快樂,https://www.ptt.cc/bbs/AI_Art/M.1766657076.A.CFC.html,9
Re: [閒聊] OC(?)祝大家聖誕快樂,https://www.ptt.cc/bbs/AI_Art/M.1766661297.A.2EC.html,2
Fw: [閒聊] 請用AI編輯把這奴隸女孩變得幸福吧！,https://www.ptt.cc/bbs/AI_Art/M.1766747095.A.7F8.html,2
[心得]懶人用的瑟瑟模板,https://www.ptt.cc/bbs/AI_Art/M.1766753257.A.5B6.html,
Fw: [問卦] 在大和號自拍的圖怎麼弄的?,https://www.ptt.cc/bbs/AI_Art/M.1766770343.A.8F9.html,3
Re: [閒聊] X推特twitter新功能  引發繪師逃難潮(又,https://www.ptt.cc/bbs/AI_Art/M.1766814020.A.CC4.html,
[閒聊] Sora的吉卜力畫風變了?,https://www.ptt.cc/bbs/AI_Art/M.1766830295.A.071.html,2
Fw: [蔚藍] 入浴中陽奈 (nsfw),https://www.ptt.cc/bbs/AI_Art/M.1766844169.A.B86.html,1
用各家影片工具拍電影心得,https://www.ptt.cc/bbs/AI_Art/M.1766849337.A.9DA.html,
[閒聊] AI打遊戲 單圖生場景 ..本周AI新聞,https://www.ptt.cc/bbs/AI_Art/M.1766894415.A.446.html,4
[MidJ] 閻羅王（修羅場）,https://www.ptt.cc/bbs/AI_Art/M.1766933284.A.71C.html,
[閒聊] meta ai的測試,https://www.ptt.cc/bbs/AI_Art/M.1766934200.A.18F.html,1
Re: [閒聊] Grok Imagine 擦邊球高手,https://www.ptt.cc/bbs/AI_Art/M.1766977763.A.1B8.html,22
[情報] 問題重複一次能提升AI性能,https://www.ptt.cc/bbs/AI_Art/M.1767062148.A.0CD.html,3
[閒聊] Sora2可以用了?!意外有類Suno功能?,https://www.ptt.cc/bbs/AI_Art/M.1767097312.A.EB5.html,2
[閒聊] 看來我訂閱Gemini是對的...,https://www.ptt.cc/bbs/AI_Art/M.1767202137.A.63B.html,2
Re: [閒聊] 怎沒人討論qwen edit 2511?,https://www.ptt.cc/bbs/AI_Art/M.1767232773.A.B48.html,2
Fw: [新聞] AI影片二創魔改太過火？中國廣電總局出,https://www.ptt.cc/bbs/AI_Art/M.1767250088.A.FE8.html,1
Fw: [閒聊] Neuro-sama開源重製版  AI vtuber,https://www.ptt.cc/bbs/AI_Art/M.1767407684.A.B7B.html,
[AIGC] Amazing Thailand,https://www.ptt.cc/bbs/AI_Art/M.1765770098.A.B0F.html,1
Re: [閒聊] grok入土(疑似復活?)(死透了),https://www.ptt.cc/bbs/AI_Art/M.1765845784.A.495.html,14
[討論] 固定形象的照片,https://www.ptt.cc/bbs/AI_Art/M.1765856992.A.AB7.html,3
[閒聊] GPT 5.2 評測影片重點摘要,https://www.ptt.cc/bbs/AI_Art/M.1765857948.A.19E.html,2
[閒聊] google Ai亂翻譯,https://www.ptt.cc/bbs/AI_Art/M.1765879986.A.EBC.html,
[閒聊] GPT Image 1.5 評測摘要 還差香蕉一點,https://www.ptt.cc/bbs/AI_Art/M.1765944164.A.6CB.html,6
[閒聊] mac mini m4 pro 64G 使用心得,https://www.ptt.cc/bbs/AI_Art/M.1766020750.A.135.html,25
Fw: [創作] 用 Gemini AI 做的 DOOM 網頁遊戲,https://www.ptt.cc/bbs/AI_Art/M.1766103655.A.062.html,2
Fw: [活俠] 輪到School Days文藝復興了 用AI重現一下,https://www.ptt.cc/bbs/AI_Art/M.1766134045.A.894.html,
[討論] wan 2.2要怎讓人不眨眼？,https://www.ptt.cc/bbs/AI_Art/M.1766181764.A.228.html,2
"[閒聊] Gemini3 Flash,wan2.2快百倍..本周AI新聞",https://www.ptt.cc/bbs/AI_Art/M.1766289972.A.71B.html,3
[情報] Qwen-Image-Layered - 革命性的AI图像层,https://www.ptt.cc/bbs/AI_Art/M.1766316578.A.425.html,2
[討論] ComfyUI如何讀取 Llama 3.1 資料夾格式?,https://www.ptt.cc/bbs/AI_Art/M.1766331224.A.9DC.html,2
Fw: [創作] 用 Gemini AI 做的 DOOM 網頁遊戲,https://www.ptt.cc/bbs/AI_Art/M.1766456784.A.0A4.html,1
[閒聊] 測試gpt 和Gemini 識圖與腦力題看誰強,https://www.ptt.cc/bbs/AI_Art/M.1766482490.A.F08.html,11
[閒聊] 1913年以前資料訓練的AI,https://www.ptt.cc/bbs/AI_Art/M.1766543129.A.376.html,2
Fw: [FATE] 與玉藻過聖誕,https://www.ptt.cc/bbs/AI_Art/M.1766575085.A.634.html,
Re: [閒聊] 1913年以前資料訓練的AI,https://www.ptt.cc/bbs/AI_Art/M.1766580365.A.E7E.html,6
Fw: [閒聊] X推特twitter新功能  引發繪師逃難潮(又,https://www.ptt.cc/bbs/AI_Art/M.1766622772.A.965.html,9
Re: [情報] tungsten 免費仔生圖新選擇,https://www.ptt.cc/bbs/AI_Art/M.1766637354.A.659.html,1
Re: [心得] 用AI做抱枕,https://www.ptt.cc/bbs/AI_Art/M.1765201908.A.005.html,1
[閒聊] Gemini的真人風格圖片生成（多圖片）,https://www.ptt.cc/bbs/AI_Art/M.1765214156.A.F81.html,12
[閒聊] NanoBanana Flash?,https://www.ptt.cc/bbs/AI_Art/M.1765242249.A.CA5.html,
Re: [閒聊] Gemini的真人風格圖片生成（多圖片）,https://www.ptt.cc/bbs/AI_Art/M.1765250908.A.DDD.html,4
[交易]Gemini Pro 免費四個月 推薦連結,https://www.ptt.cc/bbs/AI_Art/M.1765253981.A.BB8.html,3
[LLMs] Gemini生成到一半消失的解決法,https://www.ptt.cc/bbs/AI_Art/M.1765281167.A.71F.html,4
[分享] Grok imagine 新功能？編輯圖片,https://www.ptt.cc/bbs/AI_Art/M.1765312291.A.DA4.html,7
[閒聊] GPT新的圖片生成模型榛果栗子,https://www.ptt.cc/bbs/AI_Art/M.1765341970.A.ACA.html,6
[閒聊]  FLAI永久記憶功能升級,https://www.ptt.cc/bbs/AI_Art/M.1765455316.A.F44.html,6
Re: [閒聊] AI投資炒股大賽,https://www.ptt.cc/bbs/AI_Art/M.1765460999.A.1B0.html,1
Fw: [閒聊] 迪士尼攜手Open AI 將角色帶進Sora,https://www.ptt.cc/bbs/AI_Art/M.1765499384.A.08F.html,3
Fw: [新聞] GPT-5.2正式亮相！長文件推理逼近滿分、,https://www.ptt.cc/bbs/AI_Art/M.1765508392.A.007.html,12
Fw: [新聞] Meta轉向阿裏巴巴的Qwen來訓練其下一個AI模型,https://www.ptt.cc/bbs/AI_Art/M.1765513486.A.65E.html,4
Fw: [閒聊] grok入土（第三次死亡）,https://www.ptt.cc/bbs/AI_Art/M.1765517001.A.9C0.html,12
Re: [閒聊] grok入土（第三次死亡）(疑似復活?),https://www.ptt.cc/bbs/AI_Art/M.1765609622.A.D4C.html,8
[討論] 有人想過用AI”復活”親人嗎?,https://www.ptt.cc/bbs/AI_Art/M.1765634203.A.B80.html,4
Fw: Google Introducing Nested Learning (作者 minazukimaya),https://www.ptt.cc/bbs/AI_Art/M.1765642342.A.FAD.html,2
Fw: [心得] 用AI做抱枕,https://www.ptt.cc/bbs/AI_Art/M.1765677789.A.8D7.html,
[閒聊] 一圖練lora 軌跡追蹤..本周AI新聞,https://www.ptt.cc/bbs/AI_Art/M.1765687120.A.FFD.html,3
"Fw: [閒聊] 最近很在意""衣服下乳開洞""的問題",https://www.ptt.cc/bbs/AI_Art/M.1765690074.A.30F.html,5
[閒聊] 香蕉2漫畫編輯器,https://www.ptt.cc/bbs/AI_Art/M.1764313151.A.519.html,5
[閒聊] AI角色圖片產生器,https://www.ptt.cc/bbs/AI_Art/M.1764330220.A.B7B.html,3
Re: [情報] 悲報 tensor免費仔不給色了,https://www.ptt.cc/bbs/AI_Art/M.1764332085.A.976.html,17
Re: [分享] 虛擬日本女高中生,https://www.ptt.cc/bbs/AI_Art/M.1764378338.A.D40.html,
[分享] 因flux2與Z-image新玩具/首次安裝ComfyUI,https://www.ptt.cc/bbs/AI_Art/M.1764448896.A.1D9.html,15
[閒聊] Qwen拿來修手指還可以耶,https://www.ptt.cc/bbs/AI_Art/M.1764566400.A.CAB.html,6
[分享] GGUF 使用心得,https://www.ptt.cc/bbs/AI_Art/M.1764594831.A.2A5.html,4
[閒聊] ACE-Step 裝不起來……,https://www.ptt.cc/bbs/AI_Art/M.1764660197.A.2D8.html,2
Re: [閒聊] Grok Imagine 擦邊球高手,https://www.ptt.cc/bbs/AI_Art/M.1764727186.A.7B2.html,9
[閒聊] 新手想畫某個畫風的不同角色的話？,https://www.ptt.cc/bbs/AI_Art/M.1764742220.A.370.html,14
Re: [閒聊] 新手想畫..(線上生圖網站整理),https://www.ptt.cc/bbs/AI_Art/M.1764764379.A.D4D.html,6
[分享] 快速修圖去物件浮水印Lama-Cleaner-lama,https://www.ptt.cc/bbs/AI_Art/M.1764841709.A.25B.html,5
Re: [閒聊] 新手想畫..(線上生圖網站整理),https://www.ptt.cc/bbs/AI_Art/M.1764843470.A.62B.html,10
[討論] AI能規劃好幾個地點的最順路經過的順序嗎,https://www.ptt.cc/bbs/AI_Art/M.1764916861.A.9B3.html,13
[分享] GPT Image 1生成圖像經驗,https://www.ptt.cc/bbs/AI_Art/M.1764919814.A.C38.html,3
[閒聊] AI打牌夜,https://www.ptt.cc/bbs/AI_Art/M.1764994785.A.F1D.html,2
[閒聊] 近2.3週玩AI 生圖小歷程,https://www.ptt.cc/bbs/AI_Art/M.1765029998.A.895.html,10
[閒聊] 新手關於Pixai的幾個問題,https://www.ptt.cc/bbs/AI_Art/M.1765112266.A.A4E.html,5
Re: [閒聊] 近2.3週玩AI 生圖小歷程,https://www.ptt.cc/bbs/AI_Art/M.1765182147.A.EE5.html,5
[閒聊] 請問動漫圖用模型放大是必要的嗎？,https://www.ptt.cc/bbs/AI_Art/M.1765188336.A.DCB.html,14
Fw: [AI  ] Nanobanana Pro 將毀掉圖像工作漫畫,https://www.ptt.cc/bbs/AI_Art/M.1763942958.A.C09.html,
Fw: [閒聊] 用Gemini將橫向遊戲卡圖，擴張成直向手,https://www.ptt.cc/bbs/AI_Art/M.1763953045.A.2F7.html,
Re: [AI  ] Nanobanana Pro 將毀掉圖像工作漫畫,https://www.ptt.cc/bbs/AI_Art/M.1763957382.A.A54.html,2
Re: [AI  ] Nanobanana Pro 將毀掉圖像工作漫畫,https://www.ptt.cc/bbs/AI_Art/M.1763969525.A.5FB.html,5
[情報] 悲報 tensor免費仔不給色了,https://www.ptt.cc/bbs/AI_Art/M.1763987278.A.C03.html,21
Re: [情報] 悲報 tensor免費仔不給色了,https://www.ptt.cc/bbs/AI_Art/M.1764016066.A.310.html,
Fw: [新聞] Google 最新 Gemini 3 模型正式推出！即,https://www.ptt.cc/bbs/AI_Art/M.1764030395.A.963.html,15
Fw: [新聞] Google 最新 Gemini 3 模型正式推出！即,https://www.ptt.cc/bbs/AI_Art/M.1764030422.A.D05.html,
Re: [情報] 悲報 tensor免費仔不給色了,https://www.ptt.cc/bbs/AI_Art/M.1764040165.A.E70.html,
Re: [心得] 把 X (原推特) 打造成 AI 美女圖專用 APP,https://www.ptt.cc/bbs/AI_Art/M.1764059586.A.79A.html,
[討論] dogot做遊戲，素材收集最有效率的方法？,https://www.ptt.cc/bbs/AI_Art/M.1764066484.A.3D2.html,7
Re: [AI  ] Nanobanana Pro 將毀掉圖像工作漫畫,https://www.ptt.cc/bbs/AI_Art/M.1764081029.A.C37.html,1
Re: [情報] 悲報 tensor免費仔不給色了,https://www.ptt.cc/bbs/AI_Art/M.1764130159.A.4E5.html,2
Fw: [閒聊] Google 新AI有點厲害 (Gemini3做小遊戲),https://www.ptt.cc/bbs/AI_Art/M.1764130624.A.DAD.html,1
Fw: [閒聊] 嘗試用gemini做卡片遊戲,https://www.ptt.cc/bbs/AI_Art/M.1764148464.A.ABF.html,1
[情報] tungsten 免費仔生圖新選擇,https://www.ptt.cc/bbs/AI_Art/M.1764227661.A.DC6.html,1
[閒聊] 分享gemini 3教我godot的成果,https://www.ptt.cc/bbs/AI_Art/M.1764239984.A.9DF.html,2
[閒聊] z-image 新玩具又來了,https://www.ptt.cc/bbs/AI_Art/M.1764246784.A.89B.html,8
Re: [閒聊] z-image 新玩具又來了,https://www.ptt.cc/bbs/AI_Art/M.1764259590.A.705.html,
Re: [閒聊] z-image 新玩具又來了,https://www.ptt.cc/bbs/AI_Art/M.1764310825.A.FE2.html,5
[情報] Gemini3發佈 圖表計算器小遊戲網頁3D動畫,https://www.ptt.cc/bbs/AI_Art/M.1763514279.A.328.html,11
[閒聊] Grok Imagine 擦邊球高手,https://www.ptt.cc/bbs/AI_Art/M.1763535137.A.973.html,5
Fw: [閒聊] Google 新AI有點厲害 (Gemini3做小遊戲),https://www.ptt.cc/bbs/AI_Art/M.1763536820.A.7DD.html,6
Fw: [心得] 把 X (原推特) 打造成 AI 美女圖專用 APP,https://www.ptt.cc/bbs/AI_Art/M.1763545787.A.CCB.html,6
[MidJ] 《鍾馗嫁妹》終極預告版,https://www.ptt.cc/bbs/AI_Art/M.1763568443.A.08A.html,1
[討論] comfyui跑WAN 2.2記憶體(非VRAM)爆炸,https://www.ptt.cc/bbs/AI_Art/M.1763570745.A.A25.html,15
Fw: [閒聊] Google 新AI有點厲害 (Gemini3做小遊戲),https://www.ptt.cc/bbs/AI_Art/M.1763600463.A.B37.html,
Fw: [新聞] AI泰迪熊走太前面！與童分享性癖與性知,https://www.ptt.cc/bbs/AI_Art/M.1763605246.A.9AA.html,4
[情報] GPT5.1 PRO跟Codex-Max發布,https://www.ptt.cc/bbs/AI_Art/M.1763630857.A.3DD.html,4
Re: [閒聊] Grok Imagine 擦邊球高手,https://www.ptt.cc/bbs/AI_Art/M.1763659381.A.D87.html,5
Fw: [新聞] Gemini 3 Pro Image：「Nano Banana Pro,https://www.ptt.cc/bbs/AI_Art/M.1763684139.A.DAD.html,
Re: [情報] Grok4.1發布,https://www.ptt.cc/bbs/AI_Art/M.1763688770.A.061.html,1
Fw: [新聞] Gemini 3 Pro Image：「Nano Banana Pro,https://www.ptt.cc/bbs/AI_Art/M.1763690721.A.490.html,1
Fw: [閒聊] Nano Banana Pro 會讓漢化組失業嗎,https://www.ptt.cc/bbs/AI_Art/M.1763712862.A.E7E.html,
Re: [情報] Grok4.1發布,https://www.ptt.cc/bbs/AI_Art/M.1763731860.A.538.html,
[閒聊] banana pro漫畫雜圖,https://www.ptt.cc/bbs/AI_Art/M.1763776663.A.13A.html,1
Fw: [AI  ] Nanobanana Pro 將毀掉圖像工作漫畫插畫？,https://www.ptt.cc/bbs/AI_Art/M.1763794149.A.190.html,6
[閒聊] 第一次的FLAI體驗+分享模板,https://www.ptt.cc/bbs/AI_Art/M.1763803123.A.E23.html,1
Fw: [閒聊] 一龍馬Grok 二次元露點和性愛姿勢測試,https://www.ptt.cc/bbs/AI_Art/M.1763858883.A.514.html,1
[閒聊] hunyuan 1.5 圖生影片,https://www.ptt.cc/bbs/AI_Art/M.1763906857.A.B5A.html,1
[閒聊] codex不錯用耶 安裝comfy 應該可,https://www.ptt.cc/bbs/AI_Art/M.1762979322.A.6C9.html,1
[閒聊] GPT5.1推出 情緒價值++,https://www.ptt.cc/bbs/AI_Art/M.1763002923.A.3A0.html,9
讓Chatgpt幫你科學解夢,https://www.ptt.cc/bbs/AI_Art/M.1763045128.A.F78.html,4
[分享] 提示詞姿勢位置定位-三分法,https://www.ptt.cc/bbs/AI_Art/M.1763088377.A.073.html,15
Fw: [閒聊] 測試chatgpt 5.1 寫格鬥遊戲,https://www.ptt.cc/bbs/AI_Art/M.1763098059.A.D38.html,
[閒聊] 依靠AI生成的新型態的桌遊,https://www.ptt.cc/bbs/AI_Art/M.1763100802.A.5F0.html,1
Re: [分享] 提示詞姿勢位置定位-三分法,https://www.ptt.cc/bbs/AI_Art/M.1763115199.A.159.html,10
Re: [分享] 提示詞姿勢位置定位-三分法,https://www.ptt.cc/bbs/AI_Art/M.1763139456.A.F40.html,4
Re: [分享] 提示詞姿勢位置定位-三分法,https://www.ptt.cc/bbs/AI_Art/M.1763146647.A.D97.html,
Re: [分享] 提示詞姿勢位置定位-三分法,https://www.ptt.cc/bbs/AI_Art/M.1763148722.A.094.html,
Re: [分享] 提示詞姿勢位置定位-三分法,https://www.ptt.cc/bbs/AI_Art/M.1763156270.A.7F9.html,
[分享] Qwen Edit 2509 鏡頭視角 LORA,https://www.ptt.cc/bbs/AI_Art/M.1763159039.A.875.html,10
[StaD] 鏡頭術語分享,https://www.ptt.cc/bbs/AI_Art/M.1763167754.A.E75.html,13
[閒聊] pixai三周年MV,https://www.ptt.cc/bbs/AI_Art/M.1763186489.A.6F5.html,1
[StaD] LORA角色訓練(附色色點),https://www.ptt.cc/bbs/AI_Art/M.1763299971.A.0BF.html,
Re: [StaD] LORA角色訓練(附色色點),https://www.ptt.cc/bbs/AI_Art/M.1763320144.A.A28.html,
Re: [StaD] LORA角色訓練(附色色點),https://www.ptt.cc/bbs/AI_Art/M.1763320811.A.535.html,X1
Re: [StaD] LORA角色訓練(附色色點),https://www.ptt.cc/bbs/AI_Art/M.1763345095.A.2E1.html,12
[MidJ] 寶藏巖公社記事(擬象篇),https://www.ptt.cc/bbs/AI_Art/M.1763422364.A.A66.html,
[情報] Grok4.1發布,https://www.ptt.cc/bbs/AI_Art/M.1763448726.A.83B.html,10
[討論] Asus GX10 已經通知準備出貨了,https://www.ptt.cc/bbs/AI_Art/M.1762045387.A.3D6.html,2
Fw: [冷淡] 曾經我也想過自刎歸天（內有AI語音）,https://www.ptt.cc/bbs/AI_Art/M.1762078838.A.1E2.html,
Re: [閒聊] 這才是pixai的正確用途吧(更新),https://www.ptt.cc/bbs/AI_Art/M.1762162698.A.4C7.html,1
Fw: [爆卦] ChatGPT將不再提供醫療、法律或財務建議,https://www.ptt.cc/bbs/AI_Art/M.1762216197.A.FE3.html,1
Fw: [閒聊] 吉卜力、SE、角川等大廠禁止AI盜用IP,https://www.ptt.cc/bbs/AI_Art/M.1762216235.A.A90.html,5
[閒聊] Stability AI著作權案部分勝訴,https://www.ptt.cc/bbs/AI_Art/M.1762316294.A.923.html,6
[閒聊] AI杰哥可以還原杰哥不要到什麼程度,https://www.ptt.cc/bbs/AI_Art/M.1762438470.A.895.html,3
[StaD] 已知用火，但clip很重要,https://www.ptt.cc/bbs/AI_Art/M.1762438747.A.077.html,13
[MidJ] DUNE,https://www.ptt.cc/bbs/AI_Art/M.1762506447.A.D27.html,
Fw: [心得] 用AI做抱枕,https://www.ptt.cc/bbs/AI_Art/M.1762602379.A.673.html,4
[討論] qwen edit 2509圖片編輯是否能當局部重繪,https://www.ptt.cc/bbs/AI_Art/M.1762603881.A.541.html,10
Re: [討論] qwen edit 2509圖片編輯是否能當局部重繪,https://www.ptt.cc/bbs/AI_Art/M.1762695998.A.F2F.html,12
[閒聊]AI戀愛問卷填答送超商電子禮卷,https://www.ptt.cc/bbs/AI_Art/M.1762735305.A.EBA.html,
[情報] NanoBanana2疑似即將發布,https://www.ptt.cc/bbs/AI_Art/M.1762740596.A.B5B.html,1
[討論] comfyui便攜版用哪個python版本最好？,https://www.ptt.cc/bbs/AI_Art/M.1762768016.A.817.html,14
[討論] 請推薦最不會在查找資料上亂掰結果的AI,https://www.ptt.cc/bbs/AI_Art/M.1762818883.A.F40.html,9
[情報] GPT-4.1阻止敏感內容，ChatGPT再無老司機,https://www.ptt.cc/bbs/AI_Art/M.1762859132.A.171.html,5
[MidJ] 鍾馗嫁妹前導篇,https://www.ptt.cc/bbs/AI_Art/M.1762875244.A.36D.html,
[討論] K sampler 採樣器 圖片/影片設定~,https://www.ptt.cc/bbs/AI_Art/M.1762877539.A.A20.html,5
[閒聊] 將一段錄音中的A角色直接換成B的聲音？,https://www.ptt.cc/bbs/AI_Art/M.1762920637.A.909.html,3
Re: [閒聊] deepseek做出了超強OCR模型,https://www.ptt.cc/bbs/AI_Art/M.1761119245.A.B3C.html,2
Re: [閒聊] deepseek做出了超強OCR模型,https://www.ptt.cc/bbs/AI_Art/M.1761122453.A.507.html,6
[討論] 動漫圖轉換成真實照片？,https://www.ptt.cc/bbs/AI_Art/M.1761124790.A.21F.html,9
Re: [閒聊] deepseek做出了超強OCR模型,https://www.ptt.cc/bbs/AI_Art/M.1761196500.A.9A5.html,1
[討論] AI Pictors怎麼逛?,https://www.ptt.cc/bbs/AI_Art/M.1761231155.A.FC1.html,2
[閒聊] 哇靠 30秒生影片的時代來了,https://www.ptt.cc/bbs/AI_Art/M.1761279547.A.3DB.html,14
[閒聊] 蘋果推出pico banana開源資料集,https://www.ptt.cc/bbs/AI_Art/M.1761457634.A.92D.html,
[閒聊] 關於瑟文的生成AI,https://www.ptt.cc/bbs/AI_Art/M.1761458750.A.DFC.html,4
[閒聊] FLAI根本寫文靈感小幫手,https://www.ptt.cc/bbs/AI_Art/M.1761468505.A.BEE.html,3
Fw: [閒聊] AI小說在小說網拿下日排第一名!,https://www.ptt.cc/bbs/AI_Art/M.1761620245.A.F50.html,
Fw: [閒聊] Grok徹底死亡,https://www.ptt.cc/bbs/AI_Art/M.1761623811.A.AEF.html,10
[AIGC] 人機共創︱奇幻小說《作用力與反作用力》,https://www.ptt.cc/bbs/AI_Art/M.1761654058.A.091.html,2
[閒聊] Sora2到底怎麼玩?還可以做名人影片?,https://www.ptt.cc/bbs/AI_Art/M.1761674855.A.918.html,
[情報] MoCha 新的影片換臉工具,https://www.ptt.cc/bbs/AI_Art/M.1761705780.A.C3F.html,4
[閒聊] wan用特定類型圖片容易崩掉?,https://www.ptt.cc/bbs/AI_Art/M.1761822011.A.69B.html,5
[閒聊] AI-Grok膨風，被擊潰27次，捧我世界第一,https://www.ptt.cc/bbs/AI_Art/M.1761878013.A.75A.html,4
[情報] LTX-2 新的開源預定影片模型,https://www.ptt.cc/bbs/AI_Art/M.1761878630.A.5F8.html,1
[閒聊] 日劇使用veo3作為素材,https://www.ptt.cc/bbs/AI_Art/M.1761879530.A.BF4.html,
[討論] pony v7要來了？,https://www.ptt.cc/bbs/AI_Art/M.1761939586.A.1D9.html,2
[閒聊] 近期個人AI嘗試微心得,https://www.ptt.cc/bbs/AI_Art/M.1761982822.A.3F6.html,5
Re: [閒聊] 悲報！Civit 免費仔不能創造R18內容,https://www.ptt.cc/bbs/AI_Art/M.1760483672.A.AF2.html,
Fw: [新聞] Sam Altman：ChatGPT年底進入情色領域,https://www.ptt.cc/bbs/AI_Art/M.1760491925.A.CAD.html,4
[討論] 現在還有人在用SD跟Comfy嗎,https://www.ptt.cc/bbs/AI_Art/M.1760505180.A.964.html,9
[閒聊] 新手i2i i2v選擇?,https://www.ptt.cc/bbs/AI_Art/M.1760553389.A.BEE.html,16
Fw: [閒聊] Grok色色死亡,https://www.ptt.cc/bbs/AI_Art/M.1760594738.A.D87.html,5
Re: [討論] 現在還有人在用SD跟Comfy嗎,https://www.ptt.cc/bbs/AI_Art/M.1760605535.A.3EB.html,5
Fw: [新聞] Sam Altman：OpenAI不是世界的道德警察,https://www.ptt.cc/bbs/AI_Art/M.1760613699.A.77B.html,1
Re: [閒聊] 新手i2i i2v選擇?,https://www.ptt.cc/bbs/AI_Art/M.1760670549.A.7CA.html,2
Fw: [活俠] 唐門色情小綿羊 (AI圖),https://www.ptt.cc/bbs/AI_Art/M.1760750755.A.F03.html,2
[閒聊] Grok一直在重複,https://www.ptt.cc/bbs/AI_Art/M.1760776141.A.2D7.html,3
[閒聊] AI投資炒股大賽,https://www.ptt.cc/bbs/AI_Art/M.1760789848.A.802.html,1
[情報] 簡易四面圖生成機(Qwen),https://www.ptt.cc/bbs/AI_Art/M.1760847675.A.A48.html,1
[分享] Suno - MaxVerstappen頌歌,https://www.ptt.cc/bbs/AI_Art/M.1760960981.A.DEB.html,2
[MidJ] 《馬太鞍之戀》正式版,https://www.ptt.cc/bbs/AI_Art/M.1761003678.A.98A.html,1
Fw: [AI] XP娘,https://www.ptt.cc/bbs/AI_Art/M.1761027696.A.08E.html,
[閒聊] deepseek做出了超強OCR模型,https://www.ptt.cc/bbs/AI_Art/M.1761101249.A.41E.html,
Re: [閒聊] deepseek做出了超強OCR模型,https://www.ptt.cc/bbs/AI_Art/M.1761103802.A.9DB.html,6
Fw: [閒聊] Ai越來越懂東方了 (Ai做遊戲),https://www.ptt.cc/bbs/AI_Art/M.1761113188.A.064.html,1
Re: [閒聊] deepseek做出了超強OCR模型,https://www.ptt.cc/bbs/AI_Art/M.1761117004.A.5C2.html,2
Re: [閒聊] deepseek做出了超強OCR模型,https://www.ptt.cc/bbs/AI_Art/M.1761117979.A.493.html,1
[MidJ] 《銀河鐵道999》（Galaxy Express 999）,https://www.ptt.cc/bbs/AI_Art/M.1758909898.A.236.html,1
[閒聊] 處理上字幕,https://www.ptt.cc/bbs/AI_Art/M.1758934450.A.5FC.html,3
Fw: [閒聊] 遊戲王 教導聖女騎腫頭龍,https://www.ptt.cc/bbs/AI_Art/M.1758966673.A.E93.html,
Fw: [閒聊] AI文字轉語音-翻譯翻譯什麼叫驚喜,https://www.ptt.cc/bbs/AI_Art/M.1758970251.A.D4C.html,3
Fw: [閒聊] AI文字轉語音 (日文版的),https://www.ptt.cc/bbs/AI_Art/M.1759029321.A.BE5.html,
[MidJ] 《沒有菸抽的日子》,https://www.ptt.cc/bbs/AI_Art/M.1759227450.A.4AD.html,2
[閒聊] 東京AI祭創意大賽,https://www.ptt.cc/bbs/AI_Art/M.1759235461.A.8F8.html,
Fw: [問卦] Sora 2 太猛了吧==,https://www.ptt.cc/bbs/AI_Art/M.1759276811.A.37E.html,3
Fw: [閒聊] 用麥塊做的生成式AI「CraftGPT」,https://www.ptt.cc/bbs/AI_Art/M.1759302165.A.BBC.html,
Fw: [閒聊] OpenAi-Sora2 影片再次進化了,https://www.ptt.cc/bbs/AI_Art/M.1759362746.A.787.html,5
[MidJ] 《沒有菸抽的日子:前導版》,https://www.ptt.cc/bbs/AI_Art/M.1759448078.A.D32.html,
Re: [閒聊] yodayo,https://www.ptt.cc/bbs/AI_Art/M.1759499487.A.9F2.html,1
Fw: [問卦] AI最新技術來了?!(恐怖),https://www.ptt.cc/bbs/AI_Art/M.1759714153.A.DDE.html,6
[MidJ] 《馬太鞍之戀：前導版簡介》,https://www.ptt.cc/bbs/AI_Art/M.1759722402.A.AA2.html,1
[分享] 偷偷更新的Grok,https://www.ptt.cc/bbs/AI_Art/M.1759824801.A.3B1.html,22
[情報] QWEN 自動生成下個場景的Lora,https://www.ptt.cc/bbs/AI_Art/M.1760082570.A.21B.html,3
[討論] QWEN2509 火柴人 姿勢遷移能否指定區域?,https://www.ptt.cc/bbs/AI_Art/M.1760094355.A.6D4.html,
[分享] illustrious/Pony內建角色畫風查詢,https://www.ptt.cc/bbs/AI_Art/M.1760155573.A.AE3.html,2
[MidJ] 《馬太鞍之戀：預告版》,https://www.ptt.cc/bbs/AI_Art/M.1760218264.A.733.html,
Fw: [閒聊] 悲報！Civit 免費仔不能創造R18內容,https://www.ptt.cc/bbs/AI_Art/M.1760411789.A.C17.html,
[NoAI] NovelAI 新增了4.5版本對應的Cref功能,https://www.ptt.cc/bbs/AI_Art/M.1757582626.A.35C.html,
[閒聊] anirole的即時繪圖 很好玩但不是個好主意,https://www.ptt.cc/bbs/AI_Art/M.1757736878.A.40B.html,4
[分享] 流程化編寫影片過程,https://www.ptt.cc/bbs/AI_Art/M.1757773610.A.B3C.html,1
[閒聊] 聊聊最近玩過的AI聊天APP,https://www.ptt.cc/bbs/AI_Art/M.1757776441.A.421.html,7
Fw: [蔚藍] 魔女莉央,https://www.ptt.cc/bbs/AI_Art/M.1757822018.A.D12.html,
[分享] 大 AI 戰國時代，樂團型 MV 實驗作,https://www.ptt.cc/bbs/AI_Art/M.1757833857.A.EF4.html,4
[閒聊] GPT5玩AI狼人殺勝率97%,https://www.ptt.cc/bbs/AI_Art/M.1757850846.A.B8F.html,1
[討論] wan 2.2這個畫不出來…,https://www.ptt.cc/bbs/AI_Art/M.1757962783.A.3E6.html,4
Fw: [新聞] AI寫歌「打敗AKB48之父」秋元康！本人崩,https://www.ptt.cc/bbs/AI_Art/M.1757997949.A.5D8.html,2
[MidJ] Nang Phisuea Samut,https://www.ptt.cc/bbs/AI_Art/M.1758113226.A.DBB.html,
Fw: [蔚藍] 褐色埃及白子,https://www.ptt.cc/bbs/AI_Art/M.1758182021.A.D42.html,
[閒聊] tensor的減費lora,https://www.ptt.cc/bbs/AI_Art/M.1758183155.A.98C.html,1
[分享] comfyui wan 2.2生成無限長影片(For迴圈),https://www.ptt.cc/bbs/AI_Art/M.1758227970.A.64E.html,4
[分享] FLAI 初體驗心得,https://www.ptt.cc/bbs/AI_Art/M.1758273051.A.C66.html,2
[分享] 表情提詞圖集,https://www.ptt.cc/bbs/AI_Art/M.1758275227.A.E9A.html,2
Re: [閒聊] 這才是pixai的正確用途吧(更新),https://www.ptt.cc/bbs/AI_Art/M.1758432219.A.A53.html,1
[閒聊] google gemini的問題,https://www.ptt.cc/bbs/AI_Art/M.1758541294.A.8C4.html,2
[情報] QWEN2509 多圖合併功能,https://www.ptt.cc/bbs/AI_Art/M.1758616838.A.F01.html,7
Fw: [蔚藍] 賽車女郎胖白子,https://www.ptt.cc/bbs/AI_Art/M.1758771229.A.7D8.html,
[StaD] ComfyUI疑問,https://www.ptt.cc/bbs/AI_Art/M.1758881498.A.832.html,22
[情報] PixVerse限時四天免費(已結束),https://www.ptt.cc/bbs/AI_Art/M.1756433535.A.D92.html,
Re: [閒聊] Gemini2.5 Flash Image Nano Banana功能?,https://www.ptt.cc/bbs/AI_Art/M.1756435044.A.78B.html,5
Re: [閒聊] Gemini2.5 Flash Image Nano Banana功能?,https://www.ptt.cc/bbs/AI_Art/M.1756451402.A.399.html,2
[討論] wan context window怎麼用？,https://www.ptt.cc/bbs/AI_Art/M.1756455533.A.078.html,3
[MidJ] 《瘋狂的AKIRA》正常版,https://www.ptt.cc/bbs/AI_Art/M.1756493882.A.5FD.html,2
[討論] 能借用現實人物的聲音配音/唱歌的免費AI,https://www.ptt.cc/bbs/AI_Art/M.1756563441.A.DF7.html,3
[閒聊] 有沒有推薦的圖片翻譯AI or 網頁?,https://www.ptt.cc/bbs/AI_Art/M.1756631444.A.451.html,2
Fw: [閒聊] Nano Banana用於生成任意角色的Cos照,https://www.ptt.cc/bbs/AI_Art/M.1756647991.A.E50.html,2
[討論] 詢問製作ai nsfw的網站,https://www.ptt.cc/bbs/AI_Art/M.1756691205.A.EBC.html,8
[閒聊] 請問目前最強的對口型是誰,https://www.ptt.cc/bbs/AI_Art/M.1756704925.A.0F2.html,
Fw: [新聞] 國資圖辦理青少年「AI漫畫圖像創作甄選」,https://www.ptt.cc/bbs/AI_Art/M.1756810310.A.34C.html,4
[情報] NanoBanana官方圖片設計範例,https://www.ptt.cc/bbs/AI_Art/M.1756960598.A.EBE.html,
Re: [AI] 大震撼 大悲劇 tensorArt不給色了,https://www.ptt.cc/bbs/AI_Art/M.1756988530.A.493.html,2
[MidJ] 未拍攝的神話,https://www.ptt.cc/bbs/AI_Art/M.1757148624.A.0D8.html,1
Fw: [問題] Vibe Coding + 獨立開發遊戲 有搞頭嗎？,https://www.ptt.cc/bbs/AI_Art/M.1757148918.A.58E.html,
Fw: [問題] Vibe Coding + 獨立開發遊戲 有搞頭嗎？,https://www.ptt.cc/bbs/AI_Art/M.1757148937.A.3A9.html,2
[LLMs] 請教使用SillyTavern 世界觀設定在哪裡?,https://www.ptt.cc/bbs/AI_Art/M.1757161215.A.AD5.html,
[情報] 簡易表情變更機(NanoBanana),https://www.ptt.cc/bbs/AI_Art/M.1757466939.A.420.html,1
Re: [閒聊] animon這網站到底是不是詐騙啊,https://www.ptt.cc/bbs/AI_Art/M.1757513208.A.33D.html,
[MidJ] 羅永女海妖的故事——前導篇,https://www.ptt.cc/bbs/AI_Art/M.1757558110.A.976.html,1
[MidJ] 瘋狂的AKIRA(預告篇),https://www.ptt.cc/bbs/AI_Art/M.1755342870.A.32E.html,
[閒聊] grok圖轉影片美日免費中 台灣也有,https://www.ptt.cc/bbs/AI_Art/M.1755402084.A.F9C.html,2
Fw: [奶子] 用AI生模型,https://www.ptt.cc/bbs/AI_Art/M.1755493112.A.24F.html,3
[MidJ] 《瘋狂的AKIRA:第一部》,https://www.ptt.cc/bbs/AI_Art/M.1755493184.A.86C.html,1
[討論] wan 2.1這個動作做不出來,https://www.ptt.cc/bbs/AI_Art/M.1755522253.A.C92.html,18
Fw: [奶子] 用AI生模型,https://www.ptt.cc/bbs/AI_Art/M.1755564102.A.0A7.html,3
[閒聊] 能直接放NSFW圖的圖片>影片AI,https://www.ptt.cc/bbs/AI_Art/M.1755567528.A.6B2.html,17
[閒聊] 奶子鑑定士grok,https://www.ptt.cc/bbs/AI_Art/M.1755663776.A.720.html,2
[MidJ] 《瘋狂的AKIRA：藍色駭客與 Riot Cop 的,https://www.ptt.cc/bbs/AI_Art/M.1755696743.A.C80.html,1
Re: [閒聊] 能直接放NSFW圖的圖片>影片AI,https://www.ptt.cc/bbs/AI_Art/M.1755703010.A.0D4.html,4
[閒聊] line也要推AI聊天角色了,https://www.ptt.cc/bbs/AI_Art/M.1755826632.A.3B3.html,
[閒聊] grok討論串搜索,https://www.ptt.cc/bbs/AI_Art/M.1755857269.A.EE5.html,
[閒聊] Chatgpt與Chat Art寫言情小說,https://www.ptt.cc/bbs/AI_Art/M.1755926774.A.2A3.html,6
[閒聊] 請問生成圖片風格,https://www.ptt.cc/bbs/AI_Art/M.1755931362.A.1C4.html,
[討論] 目前比較強的聲音複製、創建？,https://www.ptt.cc/bbs/AI_Art/M.1755933459.A.B82.html,4
[情報] Wan2.2 S2V出了,https://www.ptt.cc/bbs/AI_Art/M.1756220885.A.70C.html,2
[情報] NanoBanana發布 圖片變模型那個,https://www.ptt.cc/bbs/AI_Art/M.1756257856.A.9AF.html,5
"Fw: [閒聊] AI 創作 ""台積電的賽馬娘""",https://www.ptt.cc/bbs/AI_Art/M.1756289181.A.4F4.html,2
Fw: [AI] 香蕉終結的不是I2I賽道 而是天下,https://www.ptt.cc/bbs/AI_Art/M.1756342300.A.65D.html,
[閒聊] Gemini2.5 Flash Image Nano Banana功能?,https://www.ptt.cc/bbs/AI_Art/M.1756377428.A.A72.html,4
[情報] 精確輸出圖片裡中文的模型Qwen-Image,https://www.ptt.cc/bbs/AI_Art/M.1754441866.A.17E.html,6
Re: [情報] 精確輸出圖片裡中文的模型Qwen-Image,https://www.ptt.cc/bbs/AI_Art/M.1754502848.A.F10.html,
[MidJ] 瘋狂的AKIRA,https://www.ptt.cc/bbs/AI_Art/M.1754503560.A.1EE.html,1
[分享] 精靈樹屋村莊,https://www.ptt.cc/bbs/AI_Art/M.1754547667.A.EC9.html,
Fw: [閒聊] 現在AI翻譯長篇日文輕小說已經這麼強喔,https://www.ptt.cc/bbs/AI_Art/M.1754564146.A.287.html,
[討論] 不同模型對提示詞內容衝突的揀擇？,https://www.ptt.cc/bbs/AI_Art/M.1754578413.A.11B.html,2
[MidJ] 瘋狂的AKIRA2,https://www.ptt.cc/bbs/AI_Art/M.1754591144.A.7B8.html,
[閒聊] 幾家 AI 似皆難處理對鏡中人畫自畫像？,https://www.ptt.cc/bbs/AI_Art/M.1754595977.A.506.html,4
Re: [討論] 不同模型對提示詞內容衝突的揀擇？,https://www.ptt.cc/bbs/AI_Art/M.1754611714.A.996.html,4
[閒聊] 對GPT5大為失望的用戶們,https://www.ptt.cc/bbs/AI_Art/M.1754789688.A.CAC.html,5
[MidJ] 《瘋狂的AKIRA：角色設定篇》,https://www.ptt.cc/bbs/AI_Art/M.1754792646.A.6BE.html,1
[MidJ] 《瘋狂的AKIRA：戰鬥篇(金田，艾莉塔vs.,https://www.ptt.cc/bbs/AI_Art/M.1754793889.A.A52.html,1
[閒聊] 寫程式厲害的AI,https://www.ptt.cc/bbs/AI_Art/M.1754849287.A.8E9.html,2
Fw: [心得] AI跑團DND5e卡片推廣,https://www.ptt.cc/bbs/AI_Art/M.1754872650.A.672.html,
[MidJ] 《瘋狂的AKIRA：薩雷姆篇》,https://www.ptt.cc/bbs/AI_Art/M.1754958641.A.914.html,5
[分享] Lazy talk 音樂MV 動畫混實寫風,https://www.ptt.cc/bbs/AI_Art/M.1754966112.A.478.html,
[MidJ] 《瘋狂的AKIRA：NOVA博士的瘋狂實驗》,https://www.ptt.cc/bbs/AI_Art/M.1755073108.A.0F4.html,1
Fw: [問卦] AI在寫代碼這塊，是不是最強的工具？,https://www.ptt.cc/bbs/AI_Art/M.1755139775.A.298.html,2
[情報] Draw-to-Video 畫箭頭做影片,https://www.ptt.cc/bbs/AI_Art/M.1755220226.A.E50.html,1
Fw: [問卦] ChatGPT5更注重安全倫理卻被嫌棄?,https://www.ptt.cc/bbs/AI_Art/M.1755306435.A.7CD.html,
[MidJ] AKIRA確定版,https://www.ptt.cc/bbs/AI_Art/M.1752969154.A.E1D.html,1
[閒聊] 網飛影集靠AI大幅降低成本,https://www.ptt.cc/bbs/AI_Art/M.1752991991.A.12D.html,2
[閒聊] 新版illustrious新增的動作,https://www.ptt.cc/bbs/AI_Art/M.1753069086.A.C32.html,3
[閒聊] civitai將封鎖英國IP,https://www.ptt.cc/bbs/AI_Art/M.1753079935.A.2A7.html,6
Fw: [爆卦]  Gemini AI 數學奧林匹亞奪金牌,https://www.ptt.cc/bbs/AI_Art/M.1753164545.A.5D6.html,
[AIGC] JOJO牛魔王,https://www.ptt.cc/bbs/AI_Art/M.1753218430.A.B88.html,1
Fw: [情報] 迷客夏推出ai紅茶男友動漫抱枕,https://www.ptt.cc/bbs/AI_Art/M.1753246580.A.7E8.html,
[情報] Google相簿照片轉影片功能,https://www.ptt.cc/bbs/AI_Art/M.1753417114.A.38A.html,
Fw: [閒聊] 用AI做遊戲的網站-websim,https://www.ptt.cc/bbs/AI_Art/M.1753447713.A.A2D.html,
Fw: [蔚藍] 金PD談AI製作遊戲,https://www.ptt.cc/bbs/AI_Art/M.1753493857.A.168.html,1
Fw: [閒聊] 真的會想跟AI談戀愛嗎?,https://www.ptt.cc/bbs/AI_Art/M.1753579504.A.B89.html,
[閒聊] AI圖參賽快打旋風得獎被抓包,https://www.ptt.cc/bbs/AI_Art/M.1753593356.A.6A9.html,1
[討論] 笨問題：有人能生成額頭上長第三眼的嗎？,https://www.ptt.cc/bbs/AI_Art/M.1753791576.A.EE4.html,7
Fw: [情報] X Grok 影片生成AI imagine 或將支援色,https://www.ptt.cc/bbs/AI_Art/M.1753943880.A.03E.html,1
[閒聊] flux在用的提示詞反推？,https://www.ptt.cc/bbs/AI_Art/M.1753996485.A.BF8.html,1
Fw: [新聞] 11萬筆ChatGPT對話外洩！私密紀錄Google,https://www.ptt.cc/bbs/AI_Art/M.1754210298.A.5A8.html,1
Re: [閒聊] 其實seaart這站也還行吧,https://www.ptt.cc/bbs/AI_Art/M.1754257254.A.265.html,1
Fw: [討論] 悲爆！Gemini不給色了！,https://www.ptt.cc/bbs/AI_Art/M.1754355812.A.6BE.html,
Fw: [閒聊] 龍貓導演：藝術不是靠按鈕生成的,https://www.ptt.cc/bbs/AI_Art/M.1754356146.A.1E5.html,2
[閒聊] 請問這種影片適用甚麼AI技術去做出來的?,https://www.ptt.cc/bbs/AI_Art/M.1754394849.A.F5F.html,1
Fw: [問題] AI加筆？有範例,https://www.ptt.cc/bbs/AI_Art/M.1751874021.A.93F.html,6
Fw: [問卦] AI越發展，你想不到的一職業將失業,https://www.ptt.cc/bbs/AI_Art/M.1751933929.A.59A.html,2
[情報] grok4釋出直播 7/10中午,https://www.ptt.cc/bbs/AI_Art/M.1751939907.A.D93.html,3
Fw: [問卦] AI這麼厲害了喔 女生抖奶影片這麼像,https://www.ptt.cc/bbs/AI_Art/M.1752023186.A.2D8.html,1
[閒聊] Stable Diffusion本家禁色了,https://www.ptt.cc/bbs/AI_Art/M.1752038484.A.982.html,3
[StaD] 目前comfyui照片高清化主流還是SUPIR？,https://www.ptt.cc/bbs/AI_Art/M.1752055636.A.6AA.html,3
Fw: [FGO] 大姊二姊舔腳,https://www.ptt.cc/bbs/AI_Art/M.1752117490.A.C14.html,
Re: [情報] grok4釋出直播 7/10中午,https://www.ptt.cc/bbs/AI_Art/M.1752127127.A.49C.html,
[閒聊] YT決定拔量產AI廢片收益,https://www.ptt.cc/bbs/AI_Art/M.1752193518.A.0ED.html,4
[閒聊] kontext動漫圖轉真實照片識別不到表情,https://www.ptt.cc/bbs/AI_Art/M.1752269744.A.D43.html,
Fw: [AI] 大震撼 大悲劇 tensorArt不給色了,https://www.ptt.cc/bbs/AI_Art/M.1752367787.A.49C.html,10
[討論] 請問怎麼用Ai製作動畫？,https://www.ptt.cc/bbs/AI_Art/M.1752465628.A.129.html,1
[討論] flux為何沒訓練翻白眼？,https://www.ptt.cc/bbs/AI_Art/M.1752482335.A.BB0.html,5
Fw: [閒聊] Grok的女性虛擬形象有性感內衣模式,https://www.ptt.cc/bbs/AI_Art/M.1752548290.A.E0E.html,1
Fw: [閒聊] 改造Grok ani的人格,https://www.ptt.cc/bbs/AI_Art/M.1752562002.A.0F6.html,
Fw: [閒聊] 關於ai waifu 兩三事,https://www.ptt.cc/bbs/AI_Art/M.1752642712.A.E0A.html,2
[MidJ] AKIRA前導篇,https://www.ptt.cc/bbs/AI_Art/M.1752678576.A.FE7.html,1
[閒聊] 綠意城市廢墟風格,https://www.ptt.cc/bbs/AI_Art/M.1752726646.A.D68.html,1
Fw: [Grok] 馬斯克給Ani醬的聊色權限也太高了吧！,https://www.ptt.cc/bbs/AI_Art/M.1752832244.A.7A0.html,1
[LLMs] Gemini 的圖生圖也太爛,https://www.ptt.cc/bbs/AI_Art/M.1752856801.A.306.html,1
[問題] 各免費擬真圖像軟體難給定某凡人照去改？,https://www.ptt.cc/bbs/AI_Art/M.1749978071.A.8A2.html,
[閒聊] img2vid瑟瑟的選擇？,https://www.ptt.cc/bbs/AI_Art/M.1749983534.A.0AA.html,17
[閒聊] 請益 想請問這個頻道的內容要怎麼製作？,https://www.ptt.cc/bbs/AI_Art/M.1750244502.A.6AC.html,2
[MidJ] midjourney nijijourney增加影片生成功能,https://www.ptt.cc/bbs/AI_Art/M.1750292405.A.657.html,9
Re: [MidJ] midjourney nijijourney增加影片生成功能,https://www.ptt.cc/bbs/AI_Art/M.1750394046.A.9D4.html,1
Fw: [閒聊] 上不上AI評分系統,https://www.ptt.cc/bbs/AI_Art/M.1750419849.A.876.html,4
[閒聊] FANZA決定全面隱藏AI作品,https://www.ptt.cc/bbs/AI_Art/M.1750512837.A.608.html,4
[MidJ] MJ影片生成測試〈真實的隙縫(怪獸篇)〉,https://www.ptt.cc/bbs/AI_Art/M.1750848580.A.BEA.html,
[閒聊] 白河法皇三不如意,https://www.ptt.cc/bbs/AI_Art/M.1750915361.A.112.html,
[閒聊] 把死去的人用AI還原,https://www.ptt.cc/bbs/AI_Art/M.1750929900.A.334.html,2
Fw: [閒聊] X熱議 關於Fanza把AI同人作品給隔離開來,https://www.ptt.cc/bbs/AI_Art/M.1750930215.A.A18.html,7
Fw: [閒聊] 想用chatgpt討論遊戲攻略是不是還太早,https://www.ptt.cc/bbs/AI_Art/M.1751014540.A.6ED.html,1
[MidJ] Bangkok Night,https://www.ptt.cc/bbs/AI_Art/M.1751092675.A.4EA.html,
[分享] 視角操作用提詞查詢,https://www.ptt.cc/bbs/AI_Art/M.1751167418.A.7F5.html,4
[閒聊] 錢還沒存夠 先用AI生圖去歐洲爽一波,https://www.ptt.cc/bbs/AI_Art/M.1751263577.A.4CD.html,2
[MidJ] 倩女幽魂,https://www.ptt.cc/bbs/AI_Art/M.1751304598.A.DEC.html,1
[閒聊] 出張嘴讓AI做3D建模場景,https://www.ptt.cc/bbs/AI_Art/M.1751342759.A.14E.html,
[閒聊] tensor生圖是不是默默變貴啦,https://www.ptt.cc/bbs/AI_Art/M.1751450202.A.5A9.html,
Fw: [閒聊] 車折神社因AI圖片決定刪除所有社群平台,https://www.ptt.cc/bbs/AI_Art/M.1751595584.A.840.html,
[StaD] 你們Kontext都拿來幹嘛,https://www.ptt.cc/bbs/AI_Art/M.1751793989.A.C7D.html,3
[分享] 兩幅，都是畫中嵌入插畫,https://www.ptt.cc/bbs/AI_Art/M.1748442470.A.421.html,
Fw: [閒聊] RisuAI上的兩張RPG卡片推薦,https://www.ptt.cc/bbs/AI_Art/M.1748479134.A.225.html,
[分享] 端午玩個水漫金山寺,https://www.ptt.cc/bbs/AI_Art/M.1748595484.A.96F.html,6
[分享] 可愛卡通魔術—硬幣入水瓶[AI技術魔術],https://www.ptt.cc/bbs/AI_Art/M.1748664968.A.DFD.html,
[分享] Flux Kontext測試,https://www.ptt.cc/bbs/AI_Art/M.1748679360.A.287.html,5
[分享] Reddit某版按讚前十「鉛筆素描」為AI生成,https://www.ptt.cc/bbs/AI_Art/M.1748704799.A.9F7.html,7
Fw: [問卦] AI圖已經屌打手繪了吧？,https://www.ptt.cc/bbs/AI_Art/M.1748858976.A.370.html,1
Re: [閒聊] 這才是pixai的正確用途吧(更新),https://www.ptt.cc/bbs/AI_Art/M.1748881353.A.8A8.html,3
[分享] 兩個 NovelAI 畫師範例圖站,https://www.ptt.cc/bbs/AI_Art/M.1748950427.A.B4E.html,3
[閒聊] 其實seaart這站也還行吧,https://www.ptt.cc/bbs/AI_Art/M.1749211032.A.05F.html,5
[StaD] 意外找到我想要的詞,https://www.ptt.cc/bbs/AI_Art/M.1749213603.A.FA8.html,2
[閒聊] YURI- SURREAL 這MV品質高到嚇人,https://www.ptt.cc/bbs/AI_Art/M.1749434949.A.0D6.html,3
[討論] 製造身上水花或髒污的問題,https://www.ptt.cc/bbs/AI_Art/M.1749554610.A.6C6.html,5
Re: [分享] Reddit某版按讚前十「鉛筆素描」為AI生成,https://www.ptt.cc/bbs/AI_Art/M.1749653893.A.EE1.html,
Fw: [閒聊] 推特熱議：為什麼AI繪師能報上Comiket,https://www.ptt.cc/bbs/AI_Art/M.1749689051.A.7CB.html,
Fw: [閒聊] 迪士尼正式對Midjourney提告,https://www.ptt.cc/bbs/AI_Art/M.1749691044.A.279.html,1
[閒聊] AI幹片 如果聖經人物是網紅,https://www.ptt.cc/bbs/AI_Art/M.1749705909.A.DEF.html,2
[分享] 越來越糟糕的表情提詞範例,https://www.ptt.cc/bbs/AI_Art/M.1749777937.A.871.html,1
[分享] 虛擬日本女高中生,https://www.ptt.cc/bbs/AI_Art/M.1749778670.A.8BC.html,13
[閒聊] 中國開始量產AI主播但被觀眾控制亂說話,https://www.ptt.cc/bbs/AI_Art/M.1749913810.A.082.html,4
[分享] 去除動漫圖光影的方法,https://www.ptt.cc/bbs/AI_Art/M.1747357665.A.D7D.html,4
Fw: [討論] 當初想得到ai進化得這麼神速嗎?,https://www.ptt.cc/bbs/AI_Art/M.1747361758.A.558.html,10
[討論] comfyui 報錯的問題(笨!),https://www.ptt.cc/bbs/AI_Art/M.1747456964.A.DA3.html,9
[討論] 本地生成音樂 ACE-Step 玩具介紹,https://www.ptt.cc/bbs/AI_Art/M.1747559935.A.CA1.html,3
[情報] B站團隊開源動漫影片生成模型 AniSora,https://www.ptt.cc/bbs/AI_Art/M.1747617355.A.79F.html,1
[AIGC] 使用chatgpt和Midjourney來製作電影海報,https://www.ptt.cc/bbs/AI_Art/M.1747772702.A.883.html,3
Re: [閒聊] 這才是pixai的正確用途吧(更新),https://www.ptt.cc/bbs/AI_Art/M.1747785149.A.AE8.html,
[討論] 試圖生成圖片但失敗,https://www.ptt.cc/bbs/AI_Art/M.1747798154.A.9D2.html,3
Re: [討論] 目前生圖AI對Unicode文字的辨識力如何？,https://www.ptt.cc/bbs/AI_Art/M.1747798313.A.603.html,1
[分享] 要離斷臂刺慶忌系列圖,https://www.ptt.cc/bbs/AI_Art/M.1747978237.A.F5D.html,
Re: [閒聊] AI色圖大逃殺縮圈中,https://www.ptt.cc/bbs/AI_Art/M.1747978752.A.5A8.html,9
Re: [閒聊] 最近那個旋轉的AI....,https://www.ptt.cc/bbs/AI_Art/M.1748082726.A.D52.html,2
Re: [閒聊] AI色圖大逃殺縮圈中,https://www.ptt.cc/bbs/AI_Art/M.1748099829.A.2BF.html,1
Fw: [FGO] 機甲小文西 圖多,https://www.ptt.cc/bbs/AI_Art/M.1748235091.A.F08.html,
Fw: [蔚藍] AI畫的AI,https://www.ptt.cc/bbs/AI_Art/M.1748241972.A.58E.html,
Fw: [討論] OPENAI的產圖AI好像有點強?,https://www.ptt.cc/bbs/AI_Art/M.1748241989.A.7CC.html,1
[閒聊] 詢問這畫風的底模或Lora？,https://www.ptt.cc/bbs/AI_Art/M.1748276555.A.C5D.html,2
Fw: [閒聊] 近期強大的影片產生AI Google Veo3,https://www.ptt.cc/bbs/AI_Art/M.1748354262.A.544.html,3
Fw: [討論] 碧藍航線 這像AI畫的嗎,https://www.ptt.cc/bbs/AI_Art/M.1748407381.A.957.html,1
[閒聊] animon這網站到底是不是詐騙啊,https://www.ptt.cc/bbs/AI_Art/M.1748428949.A.2FB.html,1
Fw: [閒聊] AI寫歌是不是很行了啊? (川普火影),https://www.ptt.cc/bbs/AI_Art/M.1746410121.A.310.html,1
Fw: [閒聊] AI色圖大逃殺縮圈中,https://www.ptt.cc/bbs/AI_Art/M.1746432962.A.1E1.html,4
[StaD] Flux怎麼都沒長進,https://www.ptt.cc/bbs/AI_Art/M.1746460606.A.EDC.html,24
[分享] AI繪製三龍商議守護秘寶圖,https://www.ptt.cc/bbs/AI_Art/M.1746548804.A.71E.html,1
[分享] AI生成子貢見句踐圖,https://www.ptt.cc/bbs/AI_Art/M.1746548898.A.3F1.html,3
[閒聊] 請問適合的AI軟體,https://www.ptt.cc/bbs/AI_Art/M.1746590224.A.52F.html,2
Re: [閒聊] 請問適合的AI軟體,https://www.ptt.cc/bbs/AI_Art/M.1746603491.A.9A5.html,1
[討論]  找尋可人物一致AI圖生成,https://www.ptt.cc/bbs/AI_Art/M.1746629703.A.3FA.html,
Re: [討論]  找尋可人物一致AI圖生成,https://www.ptt.cc/bbs/AI_Art/M.1746632985.A.922.html,
Re: [討論]  找尋可人物一致AI圖生成,https://www.ptt.cc/bbs/AI_Art/M.1746696975.A.A01.html,2
Fw: [閒聊] 分享用AI做遊戲玩的方法,https://www.ptt.cc/bbs/AI_Art/M.1746759224.A.49D.html,
[分享] 林普晴助守廣信城系列圖,https://www.ptt.cc/bbs/AI_Art/M.1746854542.A.735.html,
[分享] 菑丘訢與要離系列圖,https://www.ptt.cc/bbs/AI_Art/M.1746854666.A.214.html,3
[分享] 三種 AI生成三家禽女性化現圖,https://www.ptt.cc/bbs/AI_Art/M.1746854808.A.5FC.html,2
[AIGC] Video Processor using dghs-imgutils,https://www.ptt.cc/bbs/AI_Art/M.1746858440.A.EEE.html,2
[分享] 可愛卡通魔術—鉛筆穿鈔[AI技術魔術],https://www.ptt.cc/bbs/AI_Art/M.1746858603.A.9EC.html,
[分享] 各家圖轉影片效果比較,https://www.ptt.cc/bbs/AI_Art/M.1746928879.A.4E6.html,7
Fw: [FGO] 機甲幼女師匠,https://www.ptt.cc/bbs/AI_Art/M.1747112344.A.EB7.html,5
Fw: [ＸＤ] AI模擬動力火車忠孝東路走X遍,https://www.ptt.cc/bbs/AI_Art/M.1747186071.A.84B.html,8
Re: [討論] 目前生圖AI對Unicode文字的辨識力如何？,https://www.ptt.cc/bbs/AI_Art/M.1747200513.A.8C7.html,
Fw: [閒聊] AI色情與非AI色情作品的銷量比較,https://www.ptt.cc/bbs/AI_Art/M.1745207710.A.8E9.html,2
Re: [閒聊] AI色情與非AI色情作品的銷量比較,https://www.ptt.cc/bbs/AI_Art/M.1745212902.A.3B4.html,2
Fw: [閒聊] AI影片時間長度即將有突破性變革,https://www.ptt.cc/bbs/AI_Art/M.1745228265.A.DB4.html,9
Re: [閒聊] AI影片時間長度即將有突破性變革,https://www.ptt.cc/bbs/AI_Art/M.1745454432.A.098.html,7
[閒聊] 目前的AI能否理解「鴨子坐」的 prompt？,https://www.ptt.cc/bbs/AI_Art/M.1745551501.A.A10.html,12
[分享] 大阪世博場景柯南腦補幻想劇情,https://www.ptt.cc/bbs/AI_Art/M.1745564491.A.C9D.html,1
Fw: [軌跡] AI真人化X奶子X百合貼貼X生成咒語,https://www.ptt.cc/bbs/AI_Art/M.1745580095.A.D60.html,
[閒聊] AI生成圖片的背景延伸與拼接問題,https://www.ptt.cc/bbs/AI_Art/M.1745589338.A.6EC.html,4
[討論] AI的換臉換頭不如PS?,https://www.ptt.cc/bbs/AI_Art/M.1745638997.A.63F.html,14
[StaD] 請問SD有辦法使用VPred模型嗎？,https://www.ptt.cc/bbs/AI_Art/M.1745678981.A.AAF.html,7
"Fw: [Fate]四大女主(傻凜櫻伊),誰最適合鄙視看人圖?",https://www.ptt.cc/bbs/AI_Art/M.1745809896.A.09B.html,
[討論] Open AI Sora 圖生影功能非常差(新增問痣,https://www.ptt.cc/bbs/AI_Art/M.1745810485.A.35A.html,4
Fw: [閒聊] 機甲色情白貞,https://www.ptt.cc/bbs/AI_Art/M.1745927901.A.389.html,3
[StaD] 手癢升級Comfy xformers -pre,https://www.ptt.cc/bbs/AI_Art/M.1745952370.A.4D8.html,1
[討論] 目前生圖AI對Unicode文字的辨識力如何？,https://www.ptt.cc/bbs/AI_Art/M.1746104610.A.331.html,
[閒聊] ChatGPT繪圖：帖列克河之戰,https://www.ptt.cc/bbs/AI_Art/M.1746104670.A.C86.html,1
[討論] NotebookLM生成中文podcast,https://www.ptt.cc/bbs/AI_Art/M.1746172997.A.4A2.html,
[分享]來點不一樣的AI圖,https://www.ptt.cc/bbs/AI_Art/M.1746189273.A.307.html,3
[閒聊] 愛麗絲漫遊奇境中的小鱷魚詩(水彩畫風),https://www.ptt.cc/bbs/AI_Art/M.1746199591.A.009.html,5
Fw: [FGO] 機甲輩前,https://www.ptt.cc/bbs/AI_Art/M.1746407404.A.F19.html,
Fw: [問卦] Grok屌打ChatGPT Pro?,https://www.ptt.cc/bbs/AI_Art/M.1743552429.A.016.html,
Fw: [問題] 以前的本子王是亞絲娜 那現在AI色圖王是?,https://www.ptt.cc/bbs/AI_Art/M.1743585753.A.19D.html,
[討論] GPT修改人物形象和新會員影片問題?,https://www.ptt.cc/bbs/AI_Art/M.1743745689.A.BAF.html,3
Fw: [閒聊] pony老師 真的好強 (圖多),https://www.ptt.cc/bbs/AI_Art/M.1743928456.A.3BF.html,6
Re: [討論] GPT 4o 150種畫風,https://www.ptt.cc/bbs/AI_Art/M.1744090281.A.10C.html,5
[問題] 想請教模型載入問題,https://www.ptt.cc/bbs/AI_Art/M.1744127094.A.F48.html,5
[閒聊] 改銅像材質專業高手？,https://www.ptt.cc/bbs/AI_Art/M.1744253232.A.659.html,2
[討論] rx6600跑stable diffusion,https://www.ptt.cc/bbs/AI_Art/M.1744283168.A.518.html,2
[問題] 二次元i2v的選擇？,https://www.ptt.cc/bbs/AI_Art/M.1744298614.A.608.html,1
[分享] AI魔術---神機妙算[純手法魔術],https://www.ptt.cc/bbs/AI_Art/M.1744443831.A.FAF.html,
[閒聊] NovelAI 近期小改動,https://www.ptt.cc/bbs/AI_Art/M.1744455437.A.F41.html,2
[討論] 圖生圖的應用和觀念? 求指教,https://www.ptt.cc/bbs/AI_Art/M.1744465709.A.5E5.html,4
[閒聊] 這才是pixai的正確用途吧(更新),https://www.ptt.cc/bbs/AI_Art/M.1744623363.A.91B.html,5
[分享] 自由是幻覺 by chatgpt4o,https://www.ptt.cc/bbs/AI_Art/M.1744641815.A.B7D.html,2
[StaD] Prompt Control 實在太好玩了,https://www.ptt.cc/bbs/AI_Art/M.1744725095.A.231.html,2
[StaD] [問題] i2v 預設圖片無作用,https://www.ptt.cc/bbs/AI_Art/M.1744858952.A.1B3.html,3
[討論] 真人Lora訓練時掛載的大模型？,https://www.ptt.cc/bbs/AI_Art/M.1745033231.A.605.html,
[分享] 可愛卡通魔術—空杯出果汁[AI技術魔術],https://www.ptt.cc/bbs/AI_Art/M.1745045295.A.103.html,
Re: [討論] 真人Lora訓練時掛載的大模型？,https://www.ptt.cc/bbs/AI_Art/M.1745049115.A.CA8.html,2
[閒聊] NovelAI V4 開放vibe transfer功能,https://www.ptt.cc/bbs/AI_Art/M.1745156649.A.977.html,3
